name,total_messages,unique_authors,first_message,last_message
#general,62926,698,2020-09-05T15:58:00.494000+00:00,2026-07-16T21:04:44.314000+00:00
#general > Palestine / Israel thread (archived thread),443,18,2023-10-13T08:23:47.596000+00:00,2024-04-26T02:31:42.560000+00:00
#general > Would anyone be interested in a left (archived thread),128,7,2025-12-28T07:09:45.109000+00:00,2026-01-09T23:36:46.060000+00:00
#general > Walrus PC questions (archived thread),111,8,2023-11-06T18:44:10.469000+00:00,2024-08-23T03:45:24.355000+00:00
#general > Uri Headset recommendations (archived thread),56,11,2026-03-09T17:29:14.010000+00:00,2026-03-10T15:01:05.655000+00:00
#general > Thread is Clunky (archived thread),51,6,2021-10-08T15:35:46.784000+00:00,2021-10-08T21:02:22.069000+00:00
#general > eric's keyboard questions (archived thread),47,3,2025-11-14T15:35:15.271000+00:00,2026-02-04T22:38:21.618000+00:00
#general > THREAD (archived thread),45,8,2023-08-01T16:45:38.850000+00:00,2023-08-05T20:06:02.091000+00:00
#general > Shaq Appreciation thread (archived thread),27,4,2025-04-02T12:59:58.552000+00:00,2025-04-11T14:44:21.747000+00:00
#general > cable management+ monitor arm discussion? (archived thread),22,4,2025-06-23T00:30:44.404000+00:00,2025-06-23T18:57:00.263000+00:00
#general > vote on wallpaper for my office (archived thread),19,3,2025-08-07T02:41:55.531000+00:00,2025-08-25T19:58:44.260000+00:00
#general > password protected website? (archived thread),15,3,2026-05-27T02:24:25.093000+00:00,2026-05-28T13:29:05.718000+00:00
#general > Chair Posture Debate Thread (archived thread),14,3,2025-02-25T22:20:42.922000+00:00,2025-02-26T00:39:39.810000+00:00
#general > budget under $250 laptop suggestions (archived thread),12,2,2026-01-09T02:03:29.465000+00:00,2026-01-09T02:08:48.758000+00:00
#general > Uncle Billy Sherman (archived thread),9,2,2025-11-13T03:20:53.404000+00:00,2025-11-28T02:43:57.312000+00:00
#general > laptop recs (archived thread),9,3,2025-03-08T12:03:43.763000+00:00,2025-03-09T21:00:22.678000+00:00
#general > Revolutionary Optimism / positivity (archived thread),7,5,2026-02-28T01:52:47.433000+00:00,2026-03-01T06:22:17.816000+00:00
#general > yessss (archived thread),3,2,2025-02-28T03:21:20.460000+00:00,2025-02-28T04:04:35.743000+00:00
#general [TOTAL incl. threads],63944,699,2020-09-05T15:58:00.494000+00:00,2026-07-16T21:04:44.314000+00:00
#meme-queens,18105,239,2021-02-01T02:53:04.289000+00:00,2026-07-16T15:00:50.067000+00:00
"#meme-queens > Lets Count to 69,420 (thread)",40780,118,2023-04-05T00:40:01.358000+00:00,2026-07-16T21:09:04.065000+00:00
#meme-queens [TOTAL incl. threads],58885,273,2021-02-01T02:53:04.289000+00:00,2026-07-16T21:09:04.065000+00:00
#edgeville,44166,285,2020-09-25T13:22:48.556000+00:00,2026-07-16T21:31:44.940000+00:00
#edgeville > wilderness bickering thread (archived thread),185,7,2026-02-11T23:26:24.540000+00:00,2026-03-26T16:41:12.157000+00:00
#edgeville > Forestry thread (archived thread),125,10,2023-06-29T23:58:26.269000+00:00,2023-07-04T08:00:58.053000+00:00
#edgeville > spoiler zone for Blood Moon Rises (thread),121,11,2026-06-29T20:18:24.347000+00:00,2026-07-02T08:55:22.035000+00:00
#edgeville > Wildy good (archived thread),110,6,2023-01-20T23:13:09.925000+00:00,2023-01-25T16:03:52.087000+00:00
#edgeville > Sailing: Streamlined Prep Guide (archived thread),73,5,2025-11-10T21:34:03.345000+00:00,2025-11-21T17:41:37.965000+00:00
#edgeville > react shark for i love nmz (archived thread),69,6,2023-02-07T22:21:22.235000+00:00,2023-02-08T00:45:31.238000+00:00
#edgeville > Runedle (archived thread),45,7,2024-04-30T13:55:18.251000+00:00,2024-05-20T20:37:43.432000+00:00
#edgeville > TCG Trading and Collection Sharing (thread),36,5,2026-06-29T02:46:51.976000+00:00,2026-07-16T18:53:53.877000+00:00
#edgeville > OSRS Runefest (archived thread),34,7,2025-03-01T17:22:51.787000+00:00,2025-03-03T23:52:02.730000+00:00
#edgeville > Desert Treasure 2 (SPOILERS) (archived thread),28,7,2023-07-26T11:14:24.976000+00:00,2023-07-29T09:11:35.592000+00:00
#edgeville > While Guthix Sleeps Discussion SPOILER (archived thread),22,4,2024-07-10T17:33:20.799000+00:00,2024-07-12T19:28:36.955000+00:00
#edgeville > The Fractured Archive - Rewards Primer (archived thread),21,4,2026-03-05T21:53:03.631000+00:00,2026-03-06T01:06:11.855000+00:00
#edgeville > Why Magnar hates Giant's Foundry (archived thread),16,2,2022-07-31T23:40:38.755000+00:00,2022-08-01T13:44:16.490000+00:00
#edgeville > Runelite Plugins (archived thread),13,4,2025-11-15T19:33:24.837000+00:00,2025-12-10T00:22:51.229000+00:00
#edgeville > New Year's resolutions 2023 (archived thread),13,11,2023-01-01T07:10:53.265000+00:00,2023-01-14T21:40:13.141000+00:00
#edgeville > I m gonna dump some shooting star (archived thread),10,2,2023-09-08T21:20:45.424000+00:00,2023-09-10T01:17:17.430000+00:00
#edgeville > Pet ranks (archived thread),9,4,2024-04-06T02:37:23.581000+00:00,2024-04-09T08:09:48.598000+00:00
#edgeville > Bye bye Callisto (archived thread),9,2,2023-01-30T00:15:09.903000+00:00,2023-01-30T11:18:13.479000+00:00
#edgeville > TCG Collection sharing and trading (thread),2,1,2026-06-29T02:33:46.159000+00:00,2026-06-29T02:33:46.598000+00:00
#edgeville > wtf did yall do in this room (archived thread),2,1,2024-07-10T11:26:19.526000+00:00,2024-07-10T11:26:19.891000+00:00
#edgeville [TOTAL incl. threads],45109,285,2020-09-25T13:22:48.556000+00:00,2026-07-16T21:31:44.940000+00:00
#general-leftist-stuff,20274,240,2020-09-27T19:46:48.212000+00:00,2026-07-16T17:29:52.132000+00:00
#general-leftist-stuff > Veganism thread (thread),1823,28,2023-01-26T03:51:14.831000+00:00,2026-06-24T14:22:28.352000+00:00
#general-leftist-stuff > Ukraine thread (archived thread),527,12,2023-03-02T21:35:26.286000+00:00,2023-03-07T19:08:32.127000+00:00
#general-leftist-stuff > Same dumb election shit as last time (archived thread),145,11,2024-07-22T16:52:46.058000+00:00,2024-08-29T20:00:41.386000+00:00
#general-leftist-stuff > Potentially triggering natalism discussion (archived thread),115,7,2024-02-19T20:49:46.524000+00:00,2024-02-22T03:24:56.512000+00:00
#general-leftist-stuff > AI Thread (archived thread),94,10,2026-03-06T00:43:55.853000+00:00,2026-04-19T03:21:04.649000+00:00
#general-leftist-stuff > Prison/SA discussion from clan chat (archived thread),49,8,2026-01-12T19:56:27.545000+00:00,2026-01-13T18:18:11.980000+00:00
#general-leftist-stuff > what if buzzfeed but for left (archived thread),39,12,2023-02-03T04:24:53.119000+00:00,2023-03-04T15:09:36.846000+00:00
#general-leftist-stuff > Tony Hawk is working class? (archived thread),37,5,2024-08-25T16:26:53.217000+00:00,2024-09-10T01:34:57.465000+00:00
#general-leftist-stuff > Congressional Townhall feedback (archived thread),21,5,2025-03-27T15:37:45.777000+00:00,2025-03-28T02:26:51.741000+00:00
#general-leftist-stuff > stalin thread (thread),20,8,2026-07-14T03:31:05.928000+00:00,2026-07-14T17:20:59.754000+00:00
#general-leftist-stuff > Nepal (archived thread),11,3,2025-09-12T01:15:39.354000+00:00,2025-09-12T11:46:56.240000+00:00
#general-leftist-stuff > Russo-Ukrainian War (archived thread),1,1,2023-01-15T18:23:53.691000+00:00,2023-01-15T18:23:53.691000+00:00
#general-leftist-stuff > China (archived thread),1,1,2023-01-15T18:24:18.293000+00:00,2023-01-15T18:24:18.293000+00:00
#general-leftist-stuff [TOTAL incl. threads],23157,242,2020-09-27T19:46:48.212000+00:00,2026-07-16T17:29:52.132000+00:00
#text-for-vc,19383,183,2021-10-09T19:41:22.416000+00:00,2026-07-16T05:36:14.355000+00:00
#text-for-vc > thread (archived thread),20,4,2025-09-14T04:25:23.181000+00:00,2025-09-14T04:44:57.132000+00:00
#text-for-vc > @kirijojo 1440p monitor (archived thread),4,2,2024-06-27T22:42:14.255000+00:00,2024-06-27T22:49:28.429000+00:00
#text-for-vc [TOTAL incl. threads],19407,183,2021-10-09T19:41:22.416000+00:00,2026-07-16T05:36:14.355000+00:00
#cursed-liberal-content,17140,197,2020-10-13T23:17:20.897000+00:00,2026-07-16T18:48:20.847000+00:00
#cursed-liberal-content > Harry Potter and the Thread of Lore (archived thread),5,4,2025-01-31T19:21:30.692000+00:00,2025-01-31T19:38:31.477000+00:00
#cursed-liberal-content [TOTAL incl. threads],17145,197,2020-10-13T23:17:20.897000+00:00,2026-07-16T18:48:20.847000+00:00
#music-capes-only,10613,177,2020-10-23T19:24:37.640000+00:00,2026-07-13T23:45:46.671000+00:00
#music-capes-only > Metal subgenres - a primer (archived thread),47,4,2023-09-02T23:34:33.090000+00:00,2023-09-04T16:45:45.308000+00:00
#music-capes-only > Music Socials (archived thread),21,6,2023-01-22T15:56:44.655000+00:00,2024-01-03T13:04:30.501000+00:00
#music-capes-only > pop punk (archived thread),8,2,2023-06-23T07:53:05.571000+00:00,2023-06-23T10:17:59.259000+00:00
#music-capes-only [TOTAL incl. threads],10689,177,2020-10-23T19:24:37.640000+00:00,2026-07-13T23:45:46.671000+00:00
#events,5565,139,2020-09-27T20:20:18.054000+00:00,2026-07-16T02:04:11.509000+00:00
"#events > Muspah Weekend Thread, 5-7 May 2023 (archived thread)",112,16,2023-05-03T17:59:52.126000+00:00,2023-05-08T11:54:02.305000+00:00
#events > Skiller Supreme (archived thread),107,14,2023-02-01T08:00:41.013000+00:00,2023-03-01T19:37:42.782000+00:00
#events > Zulrah Weekend Thread (archived thread),61,14,2023-04-24T22:18:33.635000+00:00,2023-04-30T19:36:55.710000+00:00
#events > Winteringo Signup Discussion (archived thread),58,13,2024-01-21T22:50:14.077000+00:00,2024-01-31T00:04:40.527000+00:00
#events > crafting SOTW thread (archived thread),55,6,2025-10-27T02:16:22.812000+00:00,2025-10-31T21:21:25.814000+00:00
#events > @BOTW (archived thread),47,13,2026-03-23T06:48:31.019000+00:00,2026-04-13T09:48:16.678000+00:00
"#events > other event suggestions, etc (archived thread)",46,6,2023-02-27T17:00:56.296000+00:00,2023-03-01T22:37:35.041000+00:00
#events > Barrows proof (archived thread),45,5,2023-07-01T15:39:50.528000+00:00,2023-07-02T22:39:43.157000+00:00
"#events > discussion, which boss etc? (archived thread)",45,12,2023-02-03T21:42:13.874000+00:00,2023-02-08T14:53:58.881000+00:00
#events > Collection Log Sign ups (archived thread),43,11,2022-12-25T22:20:51.469000+00:00,2022-12-29T16:43:56.108000+00:00
#events > Fallingo Feedback (archived thread),41,11,2024-11-11T17:50:56.330000+00:00,2024-11-12T04:20:49.386000+00:00
#events > SOTW '25: woodcutting thread (Chop chop!) (archived thread),40,7,2025-04-06T22:01:08.726000+00:00,2025-04-15T01:46:56.388000+00:00
#events > Todt botw (archived thread),39,6,2023-09-12T20:31:53.675000+00:00,2023-09-17T18:46:31.146000+00:00
#events > BOTW: Mole (archived thread),38,7,2024-08-12T23:39:56.105000+00:00,2024-08-16T14:02:10.795000+00:00
#events > frog (archived thread),38,9,2024-03-28T16:03:02.381000+00:00,2024-03-31T19:09:37.341000+00:00
#events > Supreme Skillet w/ toast (archived thread),38,7,2023-01-25T15:57:57.473000+00:00,2023-02-01T05:56:02.693000+00:00
#events > Skiller Supreme 2 (archived thread),35,13,2024-07-08T22:20:34.229000+00:00,2024-07-16T00:32:17.381000+00:00
#events > BOTW: 25' Obor... | Wise Old Man (archived thread),34,6,2025-03-25T01:37:59.917000+00:00,2025-03-28T23:49:09.493000+00:00
#events > Our first WEEKLY EVENT of 2024 will take (archived thread),34,12,2024-01-05T22:44:33.302000+00:00,2024-01-08T03:00:15.332000+00:00
#events > Thread to bother Nick (archived thread),33,9,2025-03-18T04:22:32.643000+00:00,2025-03-22T03:26:24+00:00
#events > Skiller Supreme - Week 2 (archived thread),33,9,2023-02-15T09:35:56.773000+00:00,2023-02-16T05:44:39.219000+00:00
#events > Complaints and Suggestions for Future events (archived thread),33,8,2022-11-27T23:26:05.755000+00:00,2022-12-05T18:02:06.081000+00:00
#events > Tobbin it! (thread),30,6,2026-06-29T02:09:31.169000+00:00,2026-06-29T12:44:46.737000+00:00
#events > BOTW 25' : Royal Titans | Wise Old Man (archived thread),30,7,2025-04-16T01:50:34.552000+00:00,2025-04-16T13:47:23.485000+00:00
#events > Moons & Games Room Q1 '26 (archived thread),29,5,2026-01-16T19:28:02.122000+00:00,2026-01-17T00:42:47.399000+00:00
#events > Smithing Postgame + Ranged Thread (archived thread),28,4,2026-03-09T02:24:29.375000+00:00,2026-03-13T01:48:07.449000+00:00
#events > Suggestion Thread (archived thread),28,6,2024-04-19T03:08:19.078000+00:00,2024-04-20T19:13:06.990000+00:00
#events > Wise Old Man - Old School Runescape prog... (archived thread),28,9,2023-06-12T05:14:19.229000+00:00,2023-06-27T18:17:00.445000+00:00
#events > Skiller Supreme Week 4 (archived thread),27,7,2024-08-06T20:13:22.662000+00:00,2024-08-10T17:06:25.577000+00:00
#events > Bingo Q1 '23 Feedback (archived thread),27,10,2023-01-23T20:06:57.556000+00:00,2023-01-24T03:28:14.527000+00:00
#events > New events? (archived thread),27,7,2022-04-30T07:50:59.043000+00:00,2022-05-01T21:59:47.446000+00:00
#events > @everyone Deaf-ish Max/Retirement party (archived thread),26,8,2025-06-16T23:03:07.726000+00:00,2025-06-22T18:06:10.176000+00:00
#events > WEEKLY EVENT this weekend is NEX! (cough (archived thread),26,9,2024-03-22T17:26:29.070000+00:00,2024-03-26T18:06:24.409000+00:00
#events > toa weekly 10/11 june (archived thread),26,7,2023-06-09T21:05:54.737000+00:00,2023-06-10T14:35:32.917000+00:00
#events > Thread: SOTW 2026 Fletching I (archived thread),25,6,2026-01-19T04:14:52.840000+00:00,2026-01-21T00:22:48.135000+00:00
#events > Chambers yay! (archived thread),25,9,2025-08-28T21:31:14.566000+00:00,2025-09-13T00:41:40.331000+00:00
#events > BOTW 25' Vorkath (archived thread),25,6,2025-03-04T00:14:38.673000+00:00,2025-03-10T23:19:46.421000+00:00
#events > October events discussion (archived thread),25,5,2023-10-04T10:44:15.781000+00:00,2023-10-08T12:40:07.662000+00:00
#events > BOTW Tempoross Log Shots (archived thread),25,6,2023-08-20T19:53:27.899000+00:00,2023-08-26T16:41:54.199000+00:00
#events > BONUS EVENT due to popular demand I m (archived thread),25,6,2023-02-25T10:23:23.467000+00:00,2023-02-26T21:46:15.940000+00:00
#events > SOTW Prayer Thread (archived thread),24,4,2026-04-20T02:03:51.085000+00:00,2026-04-26T18:04:28.967000+00:00
#events > :Gamer: **ATTENTION COMMIE GAMERS** : (archived thread),23,7,2026-01-29T22:25:40.156000+00:00,2026-02-01T03:28:25.145000+00:00
"#events > ""WE NEED TO COOK"" Thread & Prayer Postgame Reactions (archived thread)",23,5,2025-09-15T00:16:47.683000+00:00,2025-09-15T02:59:30.736000+00:00
"#events > BOTW 25"" | DUKE | Wise Old Man (archived thread)",22,7,2025-04-28T02:44:09.553000+00:00,2025-04-29T04:21:27.838000+00:00
#events > Cox weekly 2/3 sept (archived thread),22,7,2023-09-02T13:59:51.393000+00:00,2023-09-02T18:55:50.037000+00:00
#events > TOTW Easy clue winners (archived thread),22,5,2022-12-19T21:06:47.971000+00:00,2022-12-19T23:35:08.153000+00:00
#events > @BOTW Commander Zilyana! (archived thread),21,4,2026-03-09T05:37:52.976000+00:00,2026-03-10T00:37:02.763000+00:00
#events > 🦷@BOTW Abyssal Sire 🦷 (archived thread),21,4,2026-02-09T15:55:07.392000+00:00,2026-02-18T02:52:31.008000+00:00
#events > BOTW Barrows unique (archived thread),21,4,2023-10-22T20:41:37.241000+00:00,2023-10-29T02:12:39.397000+00:00
#events > Barbarian Assault 2-11-23 (archived thread),21,8,2023-02-10T18:34:46.868000+00:00,2023-02-11T20:00:18.667000+00:00
#events > weekly events thread (thread),20,6,2026-06-04T13:35:50.494000+00:00,2026-06-28T23:14:43.317000+00:00
#events > SLAYER thread! (archived thread),20,4,2026-06-01T02:30:50.181000+00:00,2026-06-02T13:34:38.089000+00:00
#events > Art suggestions and other nonsense (archived thread),20,6,2026-01-09T03:28:02.086000+00:00,2026-01-12T15:20:11.655000+00:00
#events > Bob's Max Party Iron Party (archived thread),20,7,2025-03-23T07:39:28.164000+00:00,2025-03-24T22:57:36.578000+00:00
#events > GWD and Tempy discussion and suggestions (archived thread),19,6,2026-01-23T20:45:02.228000+00:00,2026-01-24T17:11:25.172000+00:00
#events > Nightmare thread. (archived thread),19,6,2025-08-23T03:43:25.380000+00:00,2025-08-26T19:54:34.058000+00:00
#events > vorkath proofs (archived thread),19,7,2023-08-19T16:07:29.230000+00:00,2023-08-20T20:24:29.375000+00:00
#events > Supreme Skiller - Week 3 (archived thread),19,5,2023-02-22T09:15:45.120000+00:00,2023-02-22T14:24:41.076000+00:00
#events > Maddie max party!!!!!!!!!!!!!!!!!!!!!!!!!! (archived thread),18,11,2024-11-21T21:02:25.396000+00:00,2024-11-23T23:49:54.960000+00:00
#events > sept events discussion & suggestions (archived thread),18,7,2023-08-29T20:04:18.304000+00:00,2023-09-01T15:08:25.309000+00:00
#events > WEEKLY EVENT this saturday and sunday is (archived thread),18,7,2023-04-21T23:15:07.276000+00:00,2023-04-22T12:20:23.074000+00:00
#events > Skiller Supreme - Week 1 (archived thread),18,8,2023-02-08T09:59:54.212000+00:00,2023-02-09T16:10:09.009000+00:00
#events > Leftscape Theatre Holiday Edition (archived thread),18,7,2022-11-08T19:11:13.007000+00:00,2022-12-05T17:59:06.650000+00:00
#events > Thieving Thread + Prayer reactions (archived thread),17,5,2026-04-27T02:30:15.982000+00:00,2026-04-30T23:44:31.242000+00:00
#events > shooting stars (mining SOTW) thread (archived thread),17,4,2025-06-29T22:02:25.315000+00:00,2025-07-01T20:38:58.648000+00:00
#events > BOTW 25' Crazy Arch | Wise Old Man (archived thread),17,5,2025-04-08T20:52:24.561000+00:00,2025-04-15T11:19:40.268000+00:00
"#events > HOLY SHIT, IT'S THE AGILITY SOTW THREAD (archived thread)",17,5,2025-03-23T22:01:20.982000+00:00,2025-03-24T01:30:29.385000+00:00
#events > Best Class Thread (archived thread),17,5,2024-09-20T13:21:06.768000+00:00,2024-09-21T18:59:14.931000+00:00
#events > Weekly event - Arcanists (archived thread),17,8,2024-09-06T09:10:07.098000+00:00,2024-09-08T20:09:37.878000+00:00
#events > SOTW '24 Prayer | Wise Old Man (archived thread),17,6,2024-04-28T23:08:49.211000+00:00,2024-04-29T17:57:44.270000+00:00
"#events > BotW, SotW, What of the What? (archived thread)",17,5,2023-11-05T20:50:27.215000+00:00,2023-11-05T21:23:59.944000+00:00
#events > SOTW cooking postgame thread & Attack weekly thread (archived thread),16,5,2026-01-05T04:04:15.658000+00:00,2026-01-07T20:57:01.480000+00:00
#events > America Deserved It (archived thread),16,5,2024-03-15T15:39:53.885000+00:00,2024-03-16T19:52:51.795000+00:00
#events > best event (archived thread),16,6,2023-09-22T22:28:21.306000+00:00,2023-09-24T18:48:18.253000+00:00
#events > WEEKLY EVENT ToA (archived thread),16,7,2023-03-11T16:02:48.883000+00:00,2023-03-12T19:03:01.322000+00:00
#events > Weekend event WILDY BOSSING (thread),15,5,2026-06-25T02:01:57.513000+00:00,2026-06-28T18:20:32.417000+00:00
#events > Scotland Cox Megathread (archived thread),15,5,2026-05-29T02:02:01.577000+00:00,2026-05-31T18:59:35.925000+00:00
#events > @everyone @Raids Learner (archived thread),15,3,2026-02-23T01:07:46.806000+00:00,2026-03-08T00:57:30.171000+00:00
#events > Prop Hunt Thread (archived thread),15,6,2026-02-06T20:40:27.965000+00:00,2026-02-07T20:56:28.398000+00:00
#events > 🐛@BOTW: Phantom Muspah🐛 (archived thread),15,5,2026-01-26T03:01:03.085000+00:00,2026-01-30T01:52:21.018000+00:00
#events > Weekly BA Announcement (archived thread),15,4,2026-01-22T16:55:00.960000+00:00,2026-01-22T20:43:11.715000+00:00
#events > hi @everyone I'd like to announce my 99 (archived thread),15,10,2026-01-09T13:58:47.555000+00:00,2026-01-12T21:59:18.520000+00:00
#events > @everyone I am happy to announce that (archived thread),15,8,2026-01-03T18:12:21.908000+00:00,2026-01-05T08:44:11.904000+00:00
#events > WEEKLY EVENT: Zalcano! (archived thread),15,5,2025-10-26T07:59:12.760000+00:00,2025-10-31T05:38:51.292000+00:00
#events > 3rd weekly event July 2024 - TF2 (archived thread),15,5,2024-07-19T18:36:14.056000+00:00,2024-07-21T18:49:39.814000+00:00
#events > Smh (archived thread),15,6,2024-03-04T23:13:22.117000+00:00,2024-03-08T13:36:03.167000+00:00
#events > February Events Suggestions Bar and Grill (archived thread),15,8,2024-01-26T23:52:25.757000+00:00,2024-02-05T18:20:06.021000+00:00
#events > cox 14/15 oct (archived thread),15,7,2023-10-13T21:04:35.373000+00:00,2023-10-14T17:56:37.936000+00:00
#events > Trouble Brewing 23q4 (archived thread),15,6,2023-10-27T19:44:06.774000+00:00,2023-10-29T16:33:21.870000+00:00
#events > Barbarian Assault 2023q3 (archived thread),15,6,2023-07-15T16:27:41.672000+00:00,2023-07-16T18:46:37.648000+00:00
#events > WEEKLY EVENT TODAY at Saturday 4 March (archived thread),15,5,2023-03-04T16:18:40.345000+00:00,2023-03-04T21:36:38.710000+00:00
#events > TOTW PKing Challenge Entry (archived thread),15,4,2022-12-31T19:20:54.443000+00:00,2023-01-08T13:39:58.652000+00:00
#events > :DoomPeek: DOOM OF MOKHAIOTL :DoomPeek: (archived thread),14,3,2026-03-30T02:13:55.930000+00:00,2026-03-30T03:28:10.942000+00:00
#events > SotW 25q4: Slayer → Strength (archived thread),14,6,2025-12-15T03:02:51.826000+00:00,2025-12-15T19:45:24.557000+00:00
#events > Discus (archived thread),14,7,2025-03-21T15:31:04.123000+00:00,2025-03-21T19:15:17.745000+00:00
#events > BOTW 25' Nightmare (archived thread),14,6,2025-02-25T00:53:53.178000+00:00,2025-02-25T19:51:02.418000+00:00
#events > 🤓 (archived thread),14,7,2024-10-01T07:50:00.840000+00:00,2024-10-09T03:23:06.545000+00:00
"#events > Sup gamers, you're all welcome to join (archived thread)",14,7,2024-07-18T20:07:52.772000+00:00,2024-07-21T18:06:57.569000+00:00
#events > Faygo Appreciation Society (archived thread),14,4,2024-06-23T22:01:48.497000+00:00,2024-06-23T23:08:15.556000+00:00
#events > WEEKLY EVENT this weekend is 🐶 (archived thread),14,7,2024-05-10T06:32:36.503000+00:00,2024-05-12T20:52:49.427000+00:00
#events > WEEKLY EVENT taking place at BOTH (archived thread),14,5,2023-03-31T22:50:43.981000+00:00,2023-03-31T23:26:15.209000+00:00
#events > WEEKLY EVENTS THREAD: GUARDIANS OF THE RIFT (thread),13,5,2026-06-11T02:03:15.847000+00:00,2026-06-18T14:35:42.860000+00:00
#events > HERBLORE II Thread (thread),13,4,2026-06-29T02:18:27.788000+00:00,2026-06-30T02:34:44.162000+00:00
#events > Sailing thread (archived thread),13,6,2026-06-08T02:22:59.338000+00:00,2026-06-15T01:57:45.136000+00:00
#events > BOTW - ABYSSAL SIRE (archived thread),13,4,2026-05-18T02:30:21.023000+00:00,2026-05-25T13:48:21.082000+00:00
#events > FARMAGEDDON SOTW THREAD (archived thread),13,3,2026-04-06T02:02:10.977000+00:00,2026-04-12T23:51:27.492000+00:00
#events > WEEKLY EVENT: Wilderness Bosses (archived thread),13,5,2025-10-03T01:18:20.291000+00:00,2025-10-04T04:32:48.651000+00:00
#events > BOTW 25'| Sarachnis | Wise Old Man (archived thread),13,3,2025-06-16T21:29:40.862000+00:00,2025-06-20T06:29:15.821000+00:00
#events > CoX Raid and Rainbow Road Q+A (archived thread),13,6,2025-06-12T23:43:35.341000+00:00,2025-06-15T20:21:44.937000+00:00
#events > BOTW 25' | Zulrah | Wise Old Man (archived thread),13,2,2025-06-09T02:25:34.762000+00:00,2025-06-09T07:54:30.975000+00:00
#events > SOTW MAGIC (& Runecraft post-game reactions) (archived thread),13,7,2025-02-10T03:03:48.497000+00:00,2025-02-10T17:38:10.985000+00:00
#events > weeklyyyyyyyyyyy 24/25 jan event :bangbang: (archived thread),13,8,2025-01-24T22:21:45.243000+00:00,2025-02-01T03:13:30.153000+00:00
#events > Skiller Supreme 2 - Week 1 (archived thread),13,4,2024-07-16T00:30:07.720000+00:00,2024-07-20T03:10:21.860000+00:00
#events > Convenient God Wars Gear Set ups and Q&A (archived thread),13,3,2024-04-11T05:33:44.371000+00:00,2024-04-13T17:48:34.106000+00:00
#events > wildy event 11/12 nov (archived thread),13,6,2023-11-10T22:29:22.526000+00:00,2023-11-12T19:59:21.218000+00:00
#events > BA 9/10 sept 23 (archived thread),13,5,2023-09-08T16:16:03.725000+00:00,2023-09-08T17:25:33.425000+00:00
#events > WEEKLY EVENT this week at Saturday 15 (archived thread),13,4,2023-04-14T21:39:24.312000+00:00,2023-04-15T19:35:31.178000+00:00
#events > LMS Event (archived thread),13,4,2023-01-26T20:39:49.667000+00:00,2023-01-27T18:03:06.163000+00:00
#events > BOTW Zulrah Winners (archived thread),13,4,2022-12-11T14:25:56.590000+00:00,2022-12-12T04:04:08.295000+00:00
#events > Supreme Skillet (archived thread),13,4,2022-12-06T18:48:10.102000+00:00,2022-12-08T17:56:45.350000+00:00
#events > barb ass event (archived thread),13,7,2022-12-02T23:25:03.991000+00:00,2022-12-03T19:37:29.687000+00:00
#events > Weekend Event: Nightmare! (thread),12,2,2026-06-20T14:20:50.690000+00:00,2026-06-20T19:13:08.370000+00:00
#events > SOTW - SMITHING (archived thread),12,5,2026-03-02T03:36:36.067000+00:00,2026-03-02T22:59:31.920000+00:00
#events > SOTW Fishin' (archived thread),12,5,2026-02-02T14:35:47.861000+00:00,2026-02-03T13:38:37.878000+00:00
#events > SOTW Leaderboards (archived thread),12,3,2023-05-02T17:37:31.970000+00:00,2025-12-17T16:41:47.318000+00:00
#events > Sailing Ideas (archived thread),12,7,2025-11-21T21:22:09.945000+00:00,2025-11-22T22:29:53.929000+00:00
#events > Art Gallery (archived thread),12,5,2025-10-31T05:42:01.707000+00:00,2025-11-02T21:10:16.720000+00:00
#events > Who- E? (archived thread),12,5,2025-09-05T04:13:41.153000+00:00,2025-09-07T16:39:51.736000+00:00
"#events > Pridescape Details Channel, Q+A (archived thread)",12,6,2025-06-19T07:09:41.868000+00:00,2025-06-21T19:18:28.270000+00:00
#events > Best Minigame Thread (archived thread),12,7,2024-08-09T01:16:04.706000+00:00,2024-11-23T17:50:00.723000+00:00
"#events > it's akshully ""Runecraft"" no ""ing"" (archived thread)",12,7,2024-08-19T01:12:13.458000+00:00,2024-08-23T11:12:42.434000+00:00
#events > Skiller Supreme 2 Results (archived thread),12,9,2024-08-14T05:14:36.391000+00:00,2024-08-15T23:55:34.377000+00:00
#events > Anglophobia Complaint Forum (archived thread),12,7,2024-06-14T05:10:03.288000+00:00,2024-06-15T22:57:16.470000+00:00
#events > mining results/def sotw announcement (archived thread),12,5,2024-05-20T13:20:37.429000+00:00,2024-05-20T19:37:16.589000+00:00
#events > Sotw reactions thread (archived thread),12,6,2024-05-12T23:34:36.216000+00:00,2024-05-13T01:40:04.979000+00:00
#events > dawn swept (archived thread),12,6,2024-05-05T22:54:33.159000+00:00,2024-05-10T07:02:49.446000+00:00
#events > Ari's max party (archived thread),12,5,2024-03-21T13:04:30.223000+00:00,2024-03-25T01:21:05.500000+00:00
"#events > Weekly event is GARTIC PHONE, taking (archived thread)",12,4,2023-11-17T23:19:14.275000+00:00,2023-11-19T18:10:40.736000+00:00
#events > Post lowest value drops in this thread! (archived thread),12,6,2023-08-13T19:58:25.333000+00:00,2023-08-16T05:22:29.590000+00:00
#events > please vote for APRIL’s weekly events (archived thread),12,6,2023-03-27T14:27:07.781000+00:00,2023-03-30T20:58:21.100000+00:00
#events > weekly event prop hunt (archived thread),12,4,2023-03-16T01:35:56.620000+00:00,2023-03-18T19:11:04.602000+00:00
#events > Skiller Supreme 1 - Final Results (archived thread),12,6,2023-03-02T00:53:33.280000+00:00,2023-03-02T02:36:12.948000+00:00
#events > BOTW Zulrah (archived thread),12,5,2022-12-04T04:47:19.326000+00:00,2022-12-04T14:46:52.201000+00:00
#events > 2026 SOTW - AGILITY II | Wise Old Man (thread),11,3,2026-06-15T03:08:28.840000+00:00,2026-06-19T20:00:27.186000+00:00
#events > Weekend event! (thread),11,8,2026-07-09T02:45:26.799000+00:00,2026-07-11T21:33:49.436000+00:00
#events > Huey Thread (archived thread),11,5,2026-05-14T02:23:02.561000+00:00,2026-05-16T18:57:29.643000+00:00
#events > Wheres vote (archived thread),11,2,2026-01-03T11:33:56.381000+00:00,2026-01-03T12:04:48.585000+00:00
#events > runecraft sotw thread (archived thread),11,4,2025-10-13T02:19:12.751000+00:00,2025-10-13T19:33:45.021000+00:00
#events > WEEKLY EVENT: NeX (archived thread),11,6,2025-08-16T15:17:55.776000+00:00,2025-08-22T15:59:56.101000+00:00
#events > BIG NEWS SOTW ENDS AT A NEW TIME (archived thread),11,4,2025-08-18T04:00:45.563000+00:00,2025-08-19T17:11:13.363000+00:00
#events > SOTW 25': F I S H I N G | Wise Old Man (archived thread),11,7,2025-03-16T22:12:32.814000+00:00,2025-03-19T15:23:24.134000+00:00
#events > HERBLORE SOTW THREAD AND PRAYER POST GAME REACTIONS (archived thread),11,4,2025-03-02T20:01:51.304000+00:00,2025-03-03T01:48:50.413000+00:00
#events > SOTW 25' Prayer (archived thread),11,3,2025-02-23T20:02:43.498000+00:00,2025-03-02T06:14:42.882000+00:00
#events > TOO AH (archived thread),11,4,2025-02-08T04:01:09.724000+00:00,2025-02-08T08:38:27.892000+00:00
#events > barbussy asussy (archived thread),11,4,2024-11-23T14:18:54.404000+00:00,2024-11-24T18:28:57.899000+00:00
#events > WEEKLY EVENT this weekend is 🕷 RAG PK' (archived thread),11,6,2024-06-07T06:44:17.106000+00:00,2024-06-08T20:03:57.939000+00:00
#events > To read too many books is harmful-Mao 13Feb1964 (archived thread),11,3,2024-04-05T13:36:45.102000+00:00,2024-04-06T19:14:54.440000+00:00
#events > toa event/event vote discussion 3/2024 (archived thread),11,5,2024-03-01T22:10:15.733000+00:00,2024-03-06T22:40:57.238000+00:00
#events > events discussion (archived thread),11,5,2024-02-12T22:24:39.684000+00:00,2024-02-12T23:02:08.365000+00:00
"#events > Forestry July 1–2, 2023q3 (archived thread)",11,5,2023-07-01T15:46:39.566000+00:00,2023-07-02T14:00:05.758000+00:00
#events > SotW '23 Smithing (archived thread),11,3,2023-04-02T20:54:28.709000+00:00,2023-04-07T18:06:41.474000+00:00
#events > TOMORROW S WEEKLY EVENT at Sunday 26 (archived thread),11,6,2023-03-25T20:11:20.703000+00:00,2023-03-26T22:09:30.323000+00:00
"#events > Skill of the Week is back, bitches (archived thread)",11,5,2023-03-16T17:29:29.488000+00:00,2023-03-17T07:24:04.388000+00:00
#events > Wild Boss Mass 1-29-23 (archived thread),11,5,2023-01-27T19:25:21.352000+00:00,2023-01-28T16:26:29.859000+00:00
#events > Corp Event (archived thread),11,8,2022-10-28T20:33:02.006000+00:00,2022-11-11T18:19:22.648000+00:00
#events > 22 Oct Wilderness Event (archived thread),11,4,2022-10-21T11:03:49.320000+00:00,2022-10-22T19:03:03.193000+00:00
#events > DUKE THREAD (archived thread),10,3,2026-06-08T02:27:58.026000+00:00,2026-06-11T18:55:09.464000+00:00
#events > 🧊 @BOTW Amoxliatl 🧊 (archived thread),10,4,2026-03-05T22:59:47.596000+00:00,2026-03-06T23:02:53.849000+00:00
#events > SOTW Strength Game Thread & Fletching Postgame (archived thread),10,5,2026-01-26T04:03:32.512000+00:00,2026-01-27T04:09:44.683000+00:00
#events > EVEN MORE BOATS BOATS BOATS (archived thread),10,2,2025-11-24T03:29:45.497000+00:00,2025-11-24T17:41:11.648000+00:00
#events > Fish. (archived thread),10,6,2025-10-18T09:36:17.341000+00:00,2025-10-20T01:26:06.358000+00:00
#events > Barb Ass (archived thread),10,4,2025-10-11T03:24:59.075000+00:00,2025-10-11T04:30:26.498000+00:00
#events > WEEKLY EVENT: OSRS PROP HUNT & MAX PARTY (archived thread),10,7,2025-09-18T21:25:20.343000+00:00,2025-09-20T17:58:03.009000+00:00
#events > SOTW ATTACKAPALOOZA THREAD (archived thread),10,3,2025-09-01T02:06:05.203000+00:00,2025-09-01T11:30:53.102000+00:00
#events > One Piece appreciation thread (archived thread),10,5,2025-07-12T01:45:12.233000+00:00,2025-07-15T00:04:36.909000+00:00
#events > sotw firemaking postgame reactions thread and ranged game thread (archived thread),10,5,2025-05-11T22:01:03.904000+00:00,2025-05-11T22:48:59.928000+00:00
#events > Wildy bosses event (archived thread),10,4,2025-04-26T07:32:04.538000+00:00,2025-05-01T23:59:26.349000+00:00
#events > Gz on maxing wrxy (archived thread),10,8,2025-04-11T09:48:17.946000+00:00,2025-04-12T21:10:23.016000+00:00
#events > Zalcano Enjoyers Thread (archived thread),10,3,2025-03-28T00:15:53.858000+00:00,2025-03-30T17:17:43.823000+00:00
#events > King of the Kill (KOLK) Megathread (archived thread),10,5,2024-08-25T23:35:14.295000+00:00,2024-09-02T02:23:44.698000+00:00
#events > Zalcano discussion thread and other silly nonsense (archived thread),10,5,2024-05-17T12:52:09.259000+00:00,2024-05-19T21:17:05.702000+00:00
#events > a (archived thread),10,4,2024-05-03T13:09:28.822000+00:00,2024-05-04T18:59:03.246000+00:00
#events > corp feb 24 (archived thread),10,4,2024-02-16T23:51:28.825000+00:00,2024-02-17T20:26:42.679000+00:00
#events > weekly event vote discussion & suggestions (archived thread),10,5,2023-05-29T22:52:32.791000+00:00,2023-05-31T07:22:27.132000+00:00
#events > SotW - Fishing (archived thread),10,4,2023-03-19T03:14:57.359000+00:00,2023-03-20T09:40:47.482000+00:00
"#events > Nex mass Jan. 7, 2023 (archived thread)",10,4,2023-01-03T18:16:07.275000+00:00,2023-01-07T16:39:50.993000+00:00
#events > Collection Log FINAL Submissions (archived thread),10,7,2022-12-31T19:20:10.672000+00:00,2023-01-02T02:56:58.210000+00:00
#events > BOTW Chaos Fanatic (archived thread),10,2,2022-11-20T04:18:56.170000+00:00,2022-11-20T15:17:04.815000+00:00
#events > Halloween movie suggestions (archived thread),10,6,2022-10-12T02:04:27.073000+00:00,2022-10-13T23:06:51.472000+00:00
#events > Zalcano thread! (archived thread),9,4,2026-06-01T02:33:24.618000+00:00,2026-06-01T17:40:10.934000+00:00
#events > BOTW - SCURRIUS THREAD (archived thread),9,4,2026-05-04T02:04:07.458000+00:00,2026-05-04T16:20:54.649000+00:00
#events > :raider: # This week's learner raid: (archived thread),9,5,2026-03-14T18:24:33.572000+00:00,2026-03-15T01:36:01.053000+00:00
#events > BA Torso & Level 5 Guide.docx (archived thread),9,5,2026-02-03T18:31:12.513000+00:00,2026-02-13T19:54:20.333000+00:00
#events > :raider: **This week's learner raids (archived thread),9,3,2026-02-02T00:51:59.029000+00:00,2026-02-02T04:14:00.423000+00:00
#events > @everyone (archived thread),9,5,2026-02-07T23:15:16.173000+00:00,2026-02-08T22:43:27.467000+00:00
#events > SOTW - Thieving thread & Post Sailing Cooldown room (archived thread),9,4,2025-12-01T04:27:00.888000+00:00,2025-12-03T16:37:09.126000+00:00
#events > BOATS BOATS BOATS (archived thread),9,4,2025-11-19T13:36:45.870000+00:00,2025-11-21T21:41:38.674000+00:00
#events > Attackapalooza Reactions and Prayer SOTW Thread (archived thread),9,4,2025-09-08T03:04:37.401000+00:00,2025-09-08T21:22:25.018000+00:00
#events > Eric forgot about sotw this week thread (archived thread),9,3,2025-08-11T02:41:23.085000+00:00,2025-08-20T16:36:38.707000+00:00
#events > Skribble/Gartic Phone Gallery (archived thread),9,3,2025-06-07T00:18:47.392000+00:00,2025-06-08T22:25:38.625000+00:00
#events > SOTW Smithing Thread & Postgame rxns for Crafting (archived thread),9,6,2025-05-25T22:11:32.097000+00:00,2025-05-29T00:56:28.154000+00:00
#events > SOTW crafting thread & reactions to ranged (archived thread),9,6,2025-05-18T22:02:13.404000+00:00,2025-05-19T22:36:27.879000+00:00
#events > BA event sorry no poster!!!!! (archived thread),9,3,2025-05-17T18:45:26.990000+00:00,2025-05-18T06:52:22.647000+00:00
"#events > BOTW 25"" | Wintertodt | Wise Old Man (archived thread)",9,3,2025-05-04T19:43:46.215000+00:00,2025-05-08T19:35:07.850000+00:00
#events > Nice (archived thread),9,4,2025-05-02T07:45:56.604000+00:00,2025-05-04T18:09:00.330000+00:00
#events > Hunter SOTW Thread & Postgame Reactions from Woodcutting (archived thread),9,3,2025-04-13T22:07:59.049000+00:00,2025-04-16T21:45:19.852000+00:00
#events > Strength STOW thread/Agility Reactions (archived thread),9,3,2025-03-30T22:04:05.892000+00:00,2025-03-30T22:10:03.653000+00:00
"#events > Hello, friends of @SOTW - they've made a (archived thread)",9,4,2025-02-01T17:48:05.177000+00:00,2025-02-03T23:37:49.345000+00:00
#events > fred (archived thread),9,4,2024-10-19T07:55:36.914000+00:00,2024-10-20T19:04:07.967000+00:00
#events > Poll Thread Questions and Discussions (archived thread),9,3,2024-08-09T01:03:06.232000+00:00,2024-08-09T01:17:41.956000+00:00
#events > WEEKLY EVENT this weekend is 🏜  TOMBS (archived thread),9,5,2024-07-26T22:07:11.969000+00:00,2024-07-27T12:11:50.069000+00:00
#events > Skiller Supreme 2 - Week 2 (archived thread),9,3,2024-07-22T22:58:48.628000+00:00,2024-07-26T23:43:57.745000+00:00
#events > Yee-Haw (archived thread),9,3,2024-05-24T09:16:22.597000+00:00,2024-05-24T10:04:48.330000+00:00
#events > any questions (archived thread),9,5,2024-05-06T21:44:52.958000+00:00,2024-05-11T03:25:18.090000+00:00
#events > CORPOREAL BEAST WEEKEND EVENT taking (archived thread),9,3,2023-11-24T20:39:31.033000+00:00,2023-11-25T23:19:58.912000+00:00
#events > tempoross weekly (archived thread),9,6,2023-05-19T16:29:44.619000+00:00,2023-05-20T19:39:04.941000+00:00
#events > also while I have your attention we are (archived thread),9,4,2023-02-24T23:52:22.496000+00:00,2023-02-25T00:10:57.239000+00:00
#events > Incorporeal friendly creature (archived thread),9,7,2022-12-16T18:26:11.825000+00:00,2022-12-17T16:37:35.527000+00:00
#events > December events (archived thread),9,4,2022-11-30T08:29:22.984000+00:00,2022-12-01T10:52:25.822000+00:00
#events > Zalcano winners (archived thread),9,4,2022-11-13T22:16:24.488000+00:00,2022-11-14T03:33:16.228000+00:00
#events > March '26 CoX (archived thread),8,5,2026-04-04T15:29:50.186000+00:00,2026-04-05T19:21:18.090000+00:00
#events > Corp event 21/22 Mar (archived thread),8,6,2026-03-20T14:48:31.063000+00:00,2026-03-20T18:39:05.956000+00:00
#events > Weekly SOTW Thread: Defense Reactions + Mining Live Thread (archived thread),8,4,2026-02-23T14:19:01.547000+00:00,2026-02-24T11:33:28.945000+00:00
#events > FIREMAKING thread (archived thread),8,5,2026-02-09T03:32:46.898000+00:00,2026-02-18T13:24:22.156000+00:00
#events > Barb Ass and Other senseless questions (archived thread),8,4,2025-11-28T19:38:48.190000+00:00,2025-12-05T19:36:32.429000+00:00
#events > Skill o This Half Week - DEFENSE (archived thread),8,4,2025-11-17T03:24:36.912000+00:00,2025-11-18T18:35:08.252000+00:00
#events > BOTW: Suggestions and Nightmare Appreciation Thread. (archived thread),8,4,2025-09-08T03:27:24.985000+00:00,2025-09-15T13:34:59.300000+00:00
#events > Gone Fishin (archived thread),8,3,2025-08-25T14:17:41.525000+00:00,2025-08-26T20:45:52.215000+00:00
#events > BOTW 25' Barrows Brothers | Wise Old Man (archived thread),8,4,2025-03-10T23:43:23.811000+00:00,2025-03-17T21:23:25.438000+00:00
#events > HAWK- TOA-H (archived thread),8,3,2024-11-08T14:20:06.913000+00:00,2024-11-12T19:19:29.479000+00:00
#events > C O X thread (archived thread),8,6,2024-09-27T22:54:15.139000+00:00,2024-09-28T18:58:13.108000+00:00
#events > Gartic Phone Thread (archived thread),8,5,2024-08-30T13:26:39.870000+00:00,2024-08-31T18:55:13.043000+00:00
#events > gotr 20/1 & 21/1 (archived thread),8,6,2024-01-19T23:14:20.218000+00:00,2024-01-20T14:58:28.763000+00:00
#events > BA november (archived thread),8,7,2023-11-03T23:48:25.029000+00:00,2023-11-04T20:07:36.321000+00:00
#events > gartic phone october week 3 (archived thread),8,4,2023-10-20T22:36:18.889000+00:00,2023-10-21T16:11:21.079000+00:00
#events > Moo's Pa (archived thread),8,3,2023-10-01T23:16:07.986000+00:00,2023-10-06T03:21:45.351000+00:00
"#events > event suggestions, discussion (archived thread)",8,4,2023-08-01T17:15:00.473000+00:00,2023-08-02T01:48:16.326000+00:00
#events > 3rd Birthday (archived thread),8,5,2023-06-22T22:05:52.130000+00:00,2023-06-24T16:38:38.730000+00:00
#events > SotW '23q2 Herblore → Runecraft (archived thread),8,3,2023-06-19T14:40:22.961000+00:00,2023-06-21T20:32:49.771000+00:00
#events > SotW Magic (archived thread),8,3,2023-04-16T19:28:13.806000+00:00,2023-04-21T02:07:31.654000+00:00
#events > TOTW PKing Winners (archived thread),8,4,2023-01-08T13:59:16.916000+00:00,2023-01-08T22:36:03.061000+00:00
#events > 2026 SOTW - MINING | Wise Old Man (thread),7,3,2026-06-22T03:08:52.979000+00:00,2026-06-22T20:18:58.228000+00:00
#events > Weekend Event - Huey (thread),7,3,2026-07-16T02:06:30.976000+00:00,2026-07-16T11:26:00.847000+00:00
#events > BOTW Weekly Thread - COX (archived thread),7,2,2026-05-25T15:06:27.844000+00:00,2026-05-25T15:09:33.591000+00:00
#events > SOTW - HERBLORE THREAD (archived thread),7,4,2026-04-13T02:07:28.323000+00:00,2026-04-13T06:47:45.454000+00:00
#events > April '26 Tempoross (archived thread),7,3,2026-04-11T14:18:37.282000+00:00,2026-04-11T14:57:40.169000+00:00
#events > GOOD NEWS EVERYONE (archived thread),7,5,2025-11-10T03:53:22.641000+00:00,2025-11-10T12:20:05.741000+00:00
#events > CONSTRUCTION SOTW THREAD! (archived thread),7,5,2025-09-29T02:08:59.457000+00:00,2025-10-02T00:43:59.279000+00:00
#events > SOTW Fletching (archived thread),7,2,2025-07-28T02:03:48.619000+00:00,2025-07-28T16:21:03.116000+00:00
#events > SOTW '25: Cooking | Wise Old Man (archived thread),7,2,2025-06-22T22:02:20.507000+00:00,2025-06-23T15:39:52.323000+00:00
#events > Komsrade public criticism session (archived thread),7,4,2025-05-24T07:19:38.749000+00:00,2025-05-24T21:00:21.462000+00:00
#events > Barbarian Assaulr Thread (archived thread),7,4,2025-04-05T16:34:05.318000+00:00,2025-04-05T19:09:37.303000+00:00
#events > KBD (archived thread),7,3,2025-04-01T02:32:14.662000+00:00,2025-04-02T22:57:49.649000+00:00
#events > SOTW Slayer Game Thread & Herblore postgame reactions (archived thread),7,3,2025-03-09T22:04:16.062000+00:00,2025-03-13T06:56:45.924000+00:00
#events > Thieving SOTW Thread & Magic Post Game Reaction Thread (archived thread),7,3,2025-02-16T20:32:12.254000+00:00,2025-02-16T21:13:12.295000+00:00
#events > @everyone @Turtle Tracker is getting 99 (archived thread),7,3,2024-09-22T01:25:36.696000+00:00,2024-09-22T01:47:08.103000+00:00
#events > Skiller Supreme 2 - Week 3 (archived thread),7,4,2024-07-30T06:05:34.155000+00:00,2024-07-31T01:42:16.402000+00:00
#events > Skiller Supreme II: Electric Boogaloo (archived thread),7,4,2024-07-07T23:22:48.407000+00:00,2024-07-08T14:52:55.224000+00:00
#events > defensive thread (archived thread),7,2,2024-06-17T01:35:11.401000+00:00,2024-06-22T16:28:10.206000+00:00
#events > soul wars 1/13 and 1/14 (archived thread),7,5,2024-01-13T00:00:58.296000+00:00,2024-01-14T20:11:55.922000+00:00
#events > Please vote for NOVEMBER's weekly events (archived thread),7,5,2023-10-30T01:04:38.982000+00:00,2023-10-31T18:05:34.280000+00:00
#events > 🌟 Join Us for a Night of Revolutionary (archived thread),7,5,2023-10-18T05:25:28.372000+00:00,2023-10-18T12:16:09.525000+00:00
#events > skribbl weekly event june (archived thread),7,5,2023-06-02T21:22:19.259000+00:00,2023-06-03T13:31:31.201000+00:00
#events > Corp wkend (archived thread),7,4,2023-05-26T15:41:53.916000+00:00,2023-05-27T13:59:03.303000+00:00
#events > thread del discusión (archived thread),7,4,2023-05-12T18:54:05.645000+00:00,2023-05-12T22:09:01.408000+00:00
#events > gotr weekend event 29/30 apr (archived thread),7,5,2023-04-27T21:42:08.429000+00:00,2023-04-28T00:33:27.175000+00:00
#events > Woodcutting SotW (archived thread),7,3,2023-04-09T21:53:41.623000+00:00,2023-04-10T01:41:44.205000+00:00
#events > Sign-ups (archived thread),7,4,2022-12-17T23:58:01.238000+00:00,2022-12-18T16:49:22.407000+00:00
#events > TOTW Easy Clue Scrolls (archived thread),7,3,2022-12-11T14:25:36.269000+00:00,2022-12-12T01:49:32.049000+00:00
#events > thread for weekend event (thread),6,3,2026-07-02T02:27:18.732000+00:00,2026-07-05T18:59:17.713000+00:00
#events > AGILITY MEGATHREAD (archived thread),6,3,2026-05-18T02:10:46.392000+00:00,2026-05-22T02:46:41.446000+00:00
#events > Magic SOTW thread & crafting reactions (archived thread),6,3,2026-03-30T03:16:02.974000+00:00,2026-04-03T18:53:24.951000+00:00
#events > SOTW Ranged Reactions and HUNTER weekly thread (archived thread),6,3,2026-03-16T02:08:11.788000+00:00,2026-03-17T13:24:37.333000+00:00
#events > 🧜‍♀️@BOTW The Whisperer🧜‍♀️ (archived thread),6,3,2026-02-02T11:56:02.461000+00:00,2026-02-08T12:59:53.353000+00:00
#events > SOTW FARMAGEDDON THREAD (archived thread),6,4,2025-10-20T03:12:28.036000+00:00,2025-10-22T20:40:34.809000+00:00
#events > Pray Neck (archived thread),6,4,2025-09-12T00:58:18.724000+00:00,2025-09-16T15:13:25.484000+00:00
#events > SOTW Hit Points Thread (archived thread),6,2,2025-07-20T22:04:46.727000+00:00,2025-07-28T11:21:44.842000+00:00
#events > Zadey McZade's Gnome agility event (archived thread),6,2,2025-06-26T16:35:16.137000+00:00,2025-06-27T04:52:11.603000+00:00
#events > Weekend Cox! (archived thread),6,5,2025-02-01T05:53:55.661000+00:00,2025-02-02T19:37:32.463000+00:00
#events > BOTW 24: Vorkath! | Wise Old Man (archived thread),6,2,2024-09-23T06:52:40.505000+00:00,2024-09-23T06:54:23.252000+00:00
#events > 🚨 EMERGENCY MEETING 🚨  WEEKLY EVENT (archived thread),6,4,2024-08-24T01:26:52.102000+00:00,2024-08-25T18:52:47.149000+00:00
#events > Discussion/suggestions (archived thread),6,5,2024-08-02T05:41:25.973000+00:00,2024-08-03T19:16:25.005000+00:00
#events > Amogus (archived thread),6,4,2024-07-11T23:49:38.773000+00:00,2024-07-12T15:49:42.531000+00:00
#events > sotw construction (archived thread),6,5,2024-06-02T22:01:20.397000+00:00,2024-06-03T02:01:06.727000+00:00
#events > SOTW '24 Agility | Wise Old Man (archived thread),6,4,2024-05-26T22:06:38.558000+00:00,2024-05-27T14:07:44.437000+00:00
#events > Gamer (archived thread),6,3,2024-04-21T22:04:32.422000+00:00,2024-04-22T01:27:29.323000+00:00
#events > SPECIAL EVENT: @movie-night :**Bad (archived thread),6,5,2024-03-04T04:09:27.520000+00:00,2024-03-06T22:54:09.873000+00:00
#events > WEEKLY EVENT is VOLCANIC MINE taking (archived thread),6,5,2023-12-22T23:01:03.133000+00:00,2023-12-24T20:26:48.596000+00:00
#events > dec events discussion & suggestions (archived thread),6,2,2023-11-27T22:37:48.934000+00:00,2023-11-28T18:55:39.686000+00:00
#events > BOTW LMS (archived thread),6,4,2023-10-15T21:54:06.255000+00:00,2023-10-18T02:09:21.692000+00:00
#events > BOTW Spiders crawling on my legs (archived thread),6,2,2023-10-08T19:48:03.676000+00:00,2023-10-08T20:31:24.871000+00:00
#events > Post Zilly Vanilly drops below (archived thread),6,3,2023-09-25T20:16:35.047000+00:00,2023-09-25T20:33:32.470000+00:00
#events > gwd weekend event (archived thread),6,5,2023-09-15T22:16:42.296000+00:00,2023-09-16T19:08:03.513000+00:00
#events > Post your drops! (archived thread),6,3,2023-09-05T02:56:16.208000+00:00,2023-09-05T14:01:11.434000+00:00
#events > prophunt 26/27 aug (archived thread),6,5,2023-08-26T12:05:45.949000+00:00,2023-08-26T15:07:36.410000+00:00
#events > weekly 19/20 aug (archived thread),6,4,2023-08-18T22:21:13.011000+00:00,2023-08-20T19:06:46.835000+00:00
#events > Bingo 2023 Q1 (Winter) (archived thread),6,3,2023-01-09T22:46:30.453000+00:00,2023-01-11T00:49:17.936000+00:00
#events > Submissions (archived thread),6,3,2022-12-17T23:46:54.054000+00:00,2022-12-18T14:40:59.529000+00:00
#events > 10-12-22 week;y event discussion (cox) (archived thread),6,4,2022-12-09T20:18:40.671000+00:00,2022-12-09T23:34:51.744000+00:00
#events > BOTW SPIDEY STEP SARACHNIS (archived thread),6,3,2022-10-13T21:00:21.546000+00:00,2022-10-14T14:11:22.174000+00:00
#events > SOTW Hitpoints Thread (archived thread),5,3,2026-05-11T02:30:39.633000+00:00,2026-05-11T14:45:18.155000+00:00
#events > SOTW - RUNECRAFT Thread (archived thread),5,4,2026-05-04T02:02:07.393000+00:00,2026-05-04T03:40:21.657000+00:00
#events > SOTW Weekly Thread: Hunter Postgame & Crafting Live Thread (archived thread),5,2,2026-03-23T02:57:47.867000+00:00,2026-03-23T03:15:52.364000+00:00
#events > Weekly Events: Castle Wars! (archived thread),5,3,2026-01-31T02:06:14.316000+00:00,2026-01-31T02:35:02.521000+00:00
#events > Tempoross 25q4 (archived thread),5,4,2025-12-13T18:36:58.521000+00:00,2025-12-13T20:49:09.781000+00:00
#events > Wildy Bosses (archived thread),5,4,2025-11-08T16:54:40.421000+00:00,2025-11-10T20:04:26.984000+00:00
#events > ToA Tuesday (Its actually Saturday and Sunday) (archived thread),5,3,2025-09-27T03:38:44.453000+00:00,2025-09-27T07:31:48.067000+00:00
#events > Sotw cooking reaction+ herblore weekly thread (archived thread),5,3,2025-09-22T16:09:29.400000+00:00,2025-09-26T01:56:25.808000+00:00
#events > adbvbsdvba87sbfba (archived thread),5,4,2025-08-01T22:14:25.840000+00:00,2025-08-02T10:39:06.028000+00:00
#events > Corp talk (archived thread),5,4,2025-07-19T04:47:34.274000+00:00,2025-07-19T17:16:55.576000+00:00
#events > SOTW Mining Reactions and Construction Thread (archived thread),5,3,2025-07-06T22:05:02.341000+00:00,2025-07-06T22:39:12.473000+00:00
#events > WEEKLY EVENT this weekend is GUARDIANS (archived thread),5,4,2025-06-28T03:38:07.007000+00:00,2025-06-29T11:09:24.587000+00:00
"#events > BOTW 25""| Venenatis | Wise Old Man (archived thread)",5,1,2025-05-26T03:46:20.773000+00:00,2025-05-28T08:04:59.279000+00:00
#events > BOTW 25'| YAMA | Wise Old Man (archived thread),5,3,2025-05-19T02:46:11.526000+00:00,2025-05-20T01:43:30.007000+00:00
#events > BOTW 25' | Zalcano | Wise Old Man (archived thread),5,3,2025-05-12T03:02:48.565000+00:00,2025-05-17T06:44:45.276000+00:00
#events > Rag Pk (archived thread),5,2,2025-03-08T06:57:57.380000+00:00,2025-03-08T19:54:25.174000+00:00
#events > Corp-Talk (archived thread),5,2,2025-02-22T08:38:34.315000+00:00,2025-02-22T19:56:42.393000+00:00
#events > Temp- Poross (archived thread),5,2,2025-02-15T18:01:21.238000+00:00,2025-02-16T21:09:01.816000+00:00
#events > weekly 30/11 & 1/12?? (archived thread),5,3,2024-11-30T12:30:23.109000+00:00,2024-12-01T16:15:04.870000+00:00
#events > SOTW 24 Ranged 2 | Wise Old Man (archived thread),5,2,2024-09-16T04:01:43.716000+00:00,2024-09-16T04:03:46.542000+00:00
#events > SOTW 24 Defense 2 | Wise Old Man (archived thread),5,3,2024-09-01T22:19:52.539000+00:00,2024-09-01T23:01:24.405000+00:00
#events > Another Nex event (archived thread),5,2,2024-08-16T12:57:53.966000+00:00,2024-08-16T19:56:53.112000+00:00
#events > Unionize Max Party (archived thread),5,4,2024-07-24T16:07:37.180000+00:00,2024-07-24T21:18:43.639000+00:00
#events > Wilderness Bosses(Bourgeoisie) (archived thread),5,3,2024-06-20T15:37:30.843000+00:00,2024-06-20T17:18:03.496000+00:00
#events > Post your favorite memes here (archived thread),5,3,2024-04-08T03:54:00.752000+00:00,2024-04-12T01:00:05.341000+00:00
#events > WEEKLY EVENT this weekend is CASTLE WARS (archived thread),5,4,2024-02-24T01:03:20.751000+00:00,2024-02-24T20:01:07.579000+00:00
#events > SOTW Cooking (archived thread),5,2,2024-02-12T22:15:25.477000+00:00,2024-02-12T22:34:13.864000+00:00
#events > Cox (archived thread),5,2,2024-02-03T19:50:50.133000+00:00,2024-02-03T19:53:38.845000+00:00
#events > 10/29 Weekly Event Screenshot Thread (archived thread),5,2,2023-10-30T22:47:51.185000+00:00,2023-10-30T22:50:42.011000+00:00
#events > toa october 2023 (archived thread),5,4,2023-10-06T23:09:09.879000+00:00,2023-10-07T13:38:49.734000+00:00
#events > skribbl weekly end of september (archived thread),5,4,2023-09-29T23:17:54.066000+00:00,2023-09-30T02:10:10.505000+00:00
#events > BOTW Wool Sores (archived thread),5,3,2023-09-18T00:05:59.848000+00:00,2023-09-18T14:31:15.755000+00:00
#events > zalcano again (archived thread),5,3,2023-08-11T21:42:11.548000+00:00,2023-08-12T15:37:45.552000+00:00
#events > SOTW Thieving (archived thread),5,3,2023-08-07T12:09:30.444000+00:00,2023-08-10T07:41:24.006000+00:00
#events > thr (archived thread),5,3,2023-07-28T23:13:52.206000+00:00,2023-07-30T19:19:37.698000+00:00
#events > SOTW Agility 7/9/2023 (archived thread),5,2,2023-07-16T18:55:47.997000+00:00,2023-07-16T18:59:31.457000+00:00
#events > other event proposals/discussion (archived thread),5,4,2023-06-26T11:01:17.268000+00:00,2023-06-26T21:46:46.381000+00:00
#events > @@@ Left Scape Birthday Gift Event @@@ S... (archived thread),5,2,2023-05-30T17:27:25.736000+00:00,2023-06-20T00:18:58.178000+00:00
#events > BOSSING WEEKEND 2 WRAP UP (archived thread),5,3,2023-05-08T17:48:31.400000+00:00,2023-05-11T02:01:53.977000+00:00
#events > gotr 18/2/23 (archived thread),5,2,2023-02-18T16:39:08.135000+00:00,2023-02-18T21:16:34.190000+00:00
#events > WEEKLY EVENT Saturday 25 February 2023 (archived thread),5,4,2023-02-24T23:47:22.889000+00:00,2023-02-25T05:14:46.513000+00:00
#events > WEEKLY EVENT taking place at Saturday 5 (archived thread),5,3,2022-11-04T23:07:36.370000+00:00,2022-11-04T23:18:06.509000+00:00
#events > everyone please vote for NOVEMBER s (archived thread),5,2,2022-10-31T13:30:15.234000+00:00,2022-11-02T12:05:19.508000+00:00
#events > Halloween Tombs of Amascussy (archived thread),5,4,2022-10-13T20:57:53.928000+00:00,2022-10-30T19:17:00.801000+00:00
#events > Strength Thread! (thread),4,2,2026-07-06T14:37:38.763000+00:00,2026-07-07T01:41:06.201000+00:00
#events > Scurrius Thread (thread),4,2,2026-07-13T02:11:00.098000+00:00,2026-07-13T14:51:31.081000+00:00
#events > CHOP CHOP Thread (thread),4,1,2026-07-13T02:14:15.293000+00:00,2026-07-14T23:38:01.691000+00:00
#events > SOUL WARS Thread (archived thread),4,3,2026-05-23T01:47:27.627000+00:00,2026-05-23T17:39:04.570000+00:00
#events > Weekly Event Thread: Zalcano (archived thread),4,2,2026-05-07T02:49:15.417000+00:00,2026-05-07T11:03:46.027000+00:00
#events > April '26 Wildy Bossing (archived thread),4,3,2026-04-23T21:03:56.200000+00:00,2026-04-26T19:02:53.321000+00:00
#events > March '26 Tombs Weekend (archived thread),4,1,2026-03-28T16:27:30.785000+00:00,2026-03-28T16:36:34.839000+00:00
"#events > @Raids Learner Tomorrow, we will be (archived thread)",4,2,2026-03-01T03:01:50.397000+00:00,2026-03-01T16:17:56.817000+00:00
#events > @Raids Learner (archived thread),4,2,2026-02-22T21:43:13.724000+00:00,2026-02-22T21:44:16.889000+00:00
#events > weekly event (archived thread),4,3,2025-12-27T13:36:34.653000+00:00,2025-12-31T04:00:46.651000+00:00
#events > Snowball Fight 2025 (archived thread),4,3,2025-12-19T23:12:08.040000+00:00,2025-12-19T23:18:23.531000+00:00
#events > Prop hunt (archived thread),4,3,2025-12-06T14:18:51.849000+00:00,2025-12-06T15:10:11.718000+00:00
#events > SOTW '25 ATTACKAPALOOZA thread & fletching postgame reactions (archived thread),4,2,2025-06-15T22:02:50.875000+00:00,2025-06-15T22:11:21.541000+00:00
#events > SOTW Firemaking thread and post-HP reactions (archived thread),4,1,2025-05-04T22:01:57.662000+00:00,2025-05-04T22:04:28.297000+00:00
#events > BOTW 25' : Perilous Moons | Wise Old Man (archived thread),4,2,2025-04-21T01:56:38.423000+00:00,2025-04-21T03:13:18.900000+00:00
#events > Hueycoatl (archived thread),4,2,2024-10-12T05:22:02.282000+00:00,2024-10-12T05:53:41.081000+00:00
#events > Raghu Pk (archived thread),4,3,2024-10-05T19:01:58.848000+00:00,2024-10-05T19:43:50.319000+00:00
#events > Nex Suggestion Thread (archived thread),4,2,2024-07-04T21:57:02.308000+00:00,2024-07-04T22:12:22.745000+00:00
#events > sotw: stabbin (archived thread),4,3,2024-06-10T12:15:07.691000+00:00,2024-06-11T02:54:17.992000+00:00
#events > SOTW 24 Herblore Q+A (archived thread),4,3,2024-01-27T00:23:17.853000+00:00,2024-01-27T19:56:49.688000+00:00
#events > WEEKLY EVENT is WILDERNESS DEMI-BOSSES (archived thread),4,3,2023-12-15T23:51:45.272000+00:00,2023-12-16T00:21:44.651000+00:00
#events > WEEKLY EVENT is TEMPOROSS taking place (archived thread),4,3,2023-12-08T16:49:46.687000+00:00,2023-12-09T10:47:06.983000+00:00
#events > SOTW Hunter! (archived thread),4,2,2023-07-24T13:01:55.012000+00:00,2023-07-24T18:52:09.826000+00:00
#events > SOTW Agility -> Magic (archived thread),4,1,2023-07-16T22:11:49.974000+00:00,2023-07-16T22:12:17.043000+00:00
#events > discuss (archived thread),4,3,2023-06-16T22:29:17.460000+00:00,2023-06-17T01:21:32.412000+00:00
#events > COX weekly 8/9 July (archived thread),4,2,2023-07-07T22:18:18.802000+00:00,2023-07-08T19:18:15.364000+00:00
#events > SotW '23Q2 Smithing → Construction (archived thread),4,3,2023-05-28T19:00:52.085000+00:00,2023-05-30T15:28:34.632000+00:00
#events > SOTW (archived thread),4,3,2023-05-21T21:43:41.340000+00:00,2023-05-23T23:34:49.116000+00:00
#events > SOTW '23 Firemaking (archived thread),4,3,2023-05-07T20:37:05.820000+00:00,2023-05-12T01:18:52.085000+00:00
#events > Thieving Results. Mining Announced (archived thread),4,2,2023-04-30T19:14:00.016000+00:00,2023-04-30T19:14:10.275000+00:00
#events > SotW Slayer (archived thread),4,2,2023-03-26T20:26:29.894000+00:00,2023-03-27T02:28:48.386000+00:00
#events > GOTR new years eve (archived thread),4,2,2022-12-30T23:18:44.262000+00:00,2022-12-31T06:24:37.242000+00:00
#events > everyone HOLIDAY MOVIE NIGHT (archived thread),4,2,2022-12-26T19:45:23.701000+00:00,2022-12-26T19:46:23.307000+00:00
#events > Chaos Fanatic Winners (archived thread),4,3,2022-11-27T15:45:24.052000+00:00,2022-11-27T18:03:15.727000+00:00
#events > BOTW Vorkath (archived thread),4,3,2022-11-12T23:22:40.755000+00:00,2022-11-21T02:39:33.222000+00:00
#events > Soul Wars (archived thread),4,2,2022-11-19T00:41:12.550000+00:00,2022-11-19T20:02:13.204000+00:00
#events > everyone BOTW for the week of 1023 to (archived thread),4,2,2022-10-23T03:00:02.432000+00:00,2022-10-23T17:20:03.463000+00:00
#events > BOTW KBD (archived thread),4,3,2022-10-16T12:31:27.427000+00:00,2022-10-16T18:37:29.543000+00:00
#events > 2026 BOTW - MOONS | Wise Old Man (archived thread),3,2,2026-06-15T03:14:31.293000+00:00,2026-06-15T14:00:06.208000+00:00
#events > BOTW CHAOS ELEMENTAL THREAD (archived thread),3,1,2026-05-11T02:29:07.717000+00:00,2026-05-11T02:29:10.851000+00:00
#events > Huey April '26 (archived thread),3,1,2026-04-18T14:35:30.225000+00:00,2026-04-18T14:35:53.166000+00:00
#events > Weekly Event: Hueycoatl (archived thread),3,2,2026-03-07T18:12:34.027000+00:00,2026-03-07T18:13:06+00:00
#events > Weekly Event GotR '26q1 (archived thread),3,2,2026-02-28T19:37:32.971000+00:00,2026-02-28T21:57:36.864000+00:00
#events > Eric forgot about the ironmen because he doesn't think they're real people thread (archived thread),3,2,2026-02-18T14:28:20.609000+00:00,2026-02-18T16:29:27.336000+00:00
#events > SOTW Fletching game thread (archived thread),3,1,2025-06-08T22:24:52.534000+00:00,2025-06-09T02:18:50.292000+00:00
#events > BOTW 25' | Vorkath | Wise Old Man (archived thread),3,2,2025-06-02T04:53:06.768000+00:00,2025-06-06T20:36:50.054000+00:00
#events > SOTW '25 Hitpoints thread & defense post game reactions (archived thread),3,1,2025-04-27T22:07:05.366000+00:00,2025-04-27T22:08:01.171000+00:00
#events > SOTW '25 - DEFENSE (archived thread),3,1,2025-04-20T22:21:38.288000+00:00,2025-04-20T22:22:58.850000+00:00
#events > Left Scape Autumn Bingo Signup (archived thread),3,2,2024-10-21T04:00:31.265000+00:00,2024-10-21T04:09:00.699000+00:00
#events > BOTW 24: NEX | Wise Old Man (archived thread),3,2,2024-08-25T23:47:16.321000+00:00,2024-08-26T04:56:43.044000+00:00
"#events > CoX gear setups. suggestions, and shit loot rant thread (archived thread)",3,2,2024-05-31T12:57:22.957000+00:00,2024-06-05T23:34:37.935000+00:00
#events > Event (archived thread),3,2,2024-04-26T19:33:35.025000+00:00,2024-04-26T19:49:26.917000+00:00
#events > hi (archived thread),3,2,2024-03-08T16:39:15.468000+00:00,2024-03-08T19:28:09.804000+00:00
#events > This months weekly event is GARTIC PHONE (archived thread),3,1,2023-12-01T23:30:17.981000+00:00,2023-12-02T18:46:03.162000+00:00
#events > Snake Slaughtering (archived thread),3,2,2023-10-30T20:27:47.304000+00:00,2023-10-30T20:31:22.649000+00:00
#events > BOTW Deranged Archaeologist (archived thread),3,2,2023-08-27T23:32:20.641000+00:00,2023-08-28T16:54:51.876000+00:00
#events > Tempo 2023q3 (archived thread),3,1,2023-07-22T18:50:44.339000+00:00,2023-07-22T18:52:53.338000+00:00
#events > sotw 2023 cooking (archived thread),3,2,2023-06-04T22:07:41.966000+00:00,2023-06-04T23:13:51.686000+00:00
#events > SotW '23Q2 FM → Agility (archived thread),3,2,2023-05-14T19:26:09.795000+00:00,2023-05-15T19:51:53.712000+00:00
#events > please vote for MAYs weekly events (archived thread),3,2,2023-05-01T16:36:08.174000+00:00,2023-05-01T17:53:31.665000+00:00
#events > Adeluz 99 Mage (archived thread),3,2,2023-04-13T23:35:49.486000+00:00,2023-04-14T00:12:18.481000+00:00
"#events > Zalcano - Dec. 24, '22 (archived thread)",3,2,2022-12-23T22:07:08.279000+00:00,2022-12-23T22:07:21.549000+00:00
#events > 2026 BOTW - Dagannoth PRIME | Wise Old M... (thread),2,1,2026-06-22T03:16:23.980000+00:00,2026-06-22T03:16:24.566000+00:00
#events > BOTW - Maggot King (thread),2,1,2026-07-06T14:43:31.129000+00:00,2026-07-06T14:43:31.905000+00:00
#events > SOTW Weekly Thread - CONSTRUCTION (archived thread),2,1,2026-05-25T15:04:25.206000+00:00,2026-05-25T15:04:25.860000+00:00
#events > May '26 RAIDS Event Thread (archived thread),2,1,2026-04-30T00:28:43.148000+00:00,2026-04-30T00:28:44.103000+00:00
#events > @Raids Learner Great weekend of TOA! (archived thread),2,1,2026-03-09T00:33:38.574000+00:00,2026-03-09T00:33:39.275000+00:00
#events > Weekly Event: Royal Titans (archived thread),2,1,2026-02-14T01:17:23.636000+00:00,2026-02-14T01:17:24.617000+00:00
#events > Is Huey a drag(on)? (archived thread),2,2,2025-11-15T19:09:44.589000+00:00,2025-11-15T19:17:23.086000+00:00
#events > smithing SOTW thread! (archived thread),2,1,2025-11-03T03:18:21.588000+00:00,2025-11-03T03:18:22.312000+00:00
#events > Toes- ah (archived thread),2,1,2025-08-09T02:51:57.989000+00:00,2025-08-09T02:51:58.762000+00:00
#events > BOTW 25' | Tempoross | Wise Old Man (archived thread),2,1,2025-06-25T07:09:16.795000+00:00,2025-06-25T07:09:17.529000+00:00
#events > Chicanery (archived thread),2,1,2025-04-12T03:01:20.917000+00:00,2025-04-12T03:01:21.372000+00:00
#events > Don't forget your Ecumenical Keys! (archived thread),2,1,2024-11-15T10:37:08.578000+00:00,2024-11-15T10:37:09.111000+00:00
#events > SotW 25: Firemaking (archived thread),2,1,2024-10-14T19:55:14.030000+00:00,2024-10-14T19:55:15.528000+00:00
#events > Tombs of amASScut (archived thread),2,1,2024-09-13T07:21:31.540000+00:00,2024-09-13T07:21:31.795000+00:00
#events > SOTW 24 Ranged | Wise Old Man (archived thread),2,1,2024-04-07T23:49:09.968000+00:00,2024-04-07T23:49:10.500000+00:00
#events > SOTW Hunting -> Crafting (archived thread),2,1,2023-07-30T21:09:43.594000+00:00,2023-07-30T21:09:43.880000+00:00
#events > SotW '23q3 Farming → Woodcutting (archived thread),2,1,2023-07-03T15:26:01.855000+00:00,2023-07-03T15:26:02.976000+00:00
#events > Movie Monday (archived thread),2,1,2023-06-26T23:47:23.297000+00:00,2023-06-26T23:47:23.993000+00:00
#events > Magnar's Brewing Up Trouble (archived thread),2,1,2023-05-30T22:54:05.217000+00:00,2023-05-30T22:54:05.768000+00:00
#events > SotW Thieving (archived thread),2,1,2023-04-23T19:52:58.355000+00:00,2023-04-23T19:53:00.044000+00:00
#events > propcunt (archived thread),2,1,2023-04-08T08:51:52.506000+00:00,2023-04-08T08:51:53.295000+00:00
#events > Prop Hunt Model IDs (archived thread),2,1,2023-02-27T00:08:08.955000+00:00,2023-02-27T00:08:49.728000+00:00
#events > Collection Slot Winners (archived thread),2,1,2023-01-02T01:56:09.600000+00:00,2023-01-02T01:56:09.991000+00:00
#events > Tempoross Winners (archived thread),2,1,2022-12-04T23:18:04.057000+00:00,2022-12-04T23:18:04.601000+00:00
#events > BOTW Tempoross (archived thread),2,1,2022-11-27T03:30:21.469000+00:00,2022-11-27T03:30:21.974000+00:00
#events > BOTW Zalcano (archived thread),2,1,2022-11-06T02:54:25.950000+00:00,2022-11-06T02:54:26.476000+00:00
#events > BOTW Commander Zilyussy (archived thread),2,1,2022-10-30T03:10:00.950000+00:00,2022-10-30T03:10:01.195000+00:00
#events > Halloween Movie Night (archived thread),2,1,2022-10-26T20:24:02.205000+00:00,2022-10-26T20:24:02.563000+00:00
#events > Winners of the 1st BOTW (archived thread),2,1,2022-10-16T18:45:10.021000+00:00,2022-10-16T18:45:10.424000+00:00
#events > Carry Creeper to Purple (archived thread),2,1,2022-10-13T20:58:42.157000+00:00,2022-10-13T20:58:42.644000+00:00
#events [TOTAL incl. threads],10489,219,2020-09-27T20:20:18.054000+00:00,2026-07-16T11:26:00.847000+00:00
#achievements,10458,251,2020-10-05T16:18:55.096000+00:00,2026-07-16T18:58:42.824000+00:00
#achievements > Hunter levels! (archived thread),10,1,2021-08-21T03:54:25.909000+00:00,2021-08-21T03:55:01.855000+00:00
#achievements > all the sailing levels (archived thread),7,1,2025-11-19T18:39:54.602000+00:00,2025-11-19T18:40:28.719000+00:00
#achievements > Magnar Gets A Level (archived thread),4,1,2021-11-19T03:56:46.695000+00:00,2021-11-19T03:59:48.048000+00:00
#achievements [TOTAL incl. threads],10479,251,2020-10-05T16:18:55.096000+00:00,2026-07-16T18:58:42.824000+00:00
#seasonal-modes,8923,138,2020-10-07T18:36:18.621000+00:00,2026-06-11T18:22:56.092000+00:00
#looking-for-group,8620,196,2021-06-18T05:22:45.947000+00:00,2026-07-16T00:39:28.575000+00:00
#looking-for-group > @risne @Flare @frommerman (archived thread),69,6,2025-04-06T08:59:00.380000+00:00,2025-04-19T12:42:30.290000+00:00
#looking-for-group > LFGCorp 6 7 hours in the future (archived thread),8,3,2022-12-22T23:50:21.636000+00:00,2022-12-23T00:37:33.344000+00:00
#looking-for-group > @LFG:Trawling Hosting marlin trawling (archived thread),6,2,2026-04-03T17:05:18.525000+00:00,2026-04-03T18:41:34.367000+00:00
#looking-for-group [TOTAL incl. threads],8703,196,2021-06-18T05:22:45.947000+00:00,2026-07-16T00:39:28.575000+00:00
#office-hours,8469,72,2020-12-27T20:01:27.876000+00:00,2026-04-02T20:59:47.224000+00:00
#other-games,7589,163,2021-01-07T16:59:53.534000+00:00,2026-07-16T22:13:30.107000+00:00
#other-games > Snap's Noita Adventures because other games exist (archived thread),66,3,2024-01-09T19:51:53.471000+00:00,2024-02-21T03:27:18.211000+00:00
#other-games > Minecraft Discussion (archived thread),48,5,2025-09-30T10:57:49.695000+00:00,2025-10-14T05:47:07.837000+00:00
#other-games [TOTAL incl. threads],7703,163,2021-01-07T16:59:53.534000+00:00,2026-07-16T22:13:30.107000+00:00
#sports-isolation-zone,6232,83,2022-02-07T16:48:53.543000+00:00,2026-07-16T16:11:56.831000+00:00
#town-hall,2577,141,2020-11-16T14:37:23.274000+00:00,2026-07-13T12:48:11.885000+00:00
#town-hall > Policy Updates (archived thread),416,15,2023-09-18T19:06:13.896000+00:00,2023-09-19T23:38:35.579000+00:00
#town-hall > New & Old Ranks (archived thread),352,38,2025-03-14T18:43:22.590000+00:00,2025-03-26T00:23:37.982000+00:00
#town-hall > Pk Rank Criteria (archived thread),158,12,2025-04-08T20:39:49.959000+00:00,2025-05-06T13:57:09.188000+00:00
#town-hall > 1) Expanded Ranks Thread (archived thread),113,16,2025-04-01T08:12:22.725000+00:00,2025-04-02T04:02:10.296000+00:00
#town-hall > Suggestions (archived thread),101,30,2025-02-21T22:16:16.572000+00:00,2025-04-03T18:05:22.749000+00:00
#town-hall > Article V - Mod Selection (archived thread),79,7,2022-11-04T01:24:57.966000+00:00,2022-11-10T11:29:59.133000+00:00
#town-hall > Article I - Rank Titles (archived thread),71,6,2022-11-04T01:22:37.086000+00:00,2022-11-10T17:21:13.380000+00:00
#town-hall > clan event wheel suggestions (archived thread),70,7,2021-12-14T16:47:20.719000+00:00,2021-12-15T08:01:31.672000+00:00
#town-hall > Clan meeting (archived thread),65,10,2022-01-25T13:37:53.629000+00:00,2022-01-28T21:33:50.881000+00:00
#town-hall > Policy Workshopping Thread (archived thread),57,9,2023-09-19T23:36:46.503000+00:00,2023-09-22T12:45:17.354000+00:00
#town-hall > @everyone It's time to vote on the new (archived thread),52,15,2025-06-15T09:24:25.696000+00:00,2025-06-27T11:03:26.261000+00:00
#town-hall > considering literally all but like 3 of (archived thread),51,13,2026-03-06T19:39:21.285000+00:00,2026-03-07T16:19:36.654000+00:00
#town-hall > Article 0 - Shitposting (archived thread),51,10,2022-11-04T01:21:50.126000+00:00,2022-11-11T13:39:53.061000+00:00
#town-hall > Article 0 - you know you need it (archived thread),50,11,2023-04-04T23:49:42.030000+00:00,2023-04-05T00:39:44.203000+00:00
#town-hall > @everyone We have a few major promos in (archived thread),46,12,2024-01-23T19:57:05.047000+00:00,2024-01-26T19:15:41.518000+00:00
#town-hall > 3) Hellcat Referendum (archived thread),41,18,2025-04-01T08:17:06.335000+00:00,2025-04-02T20:37:11.606000+00:00
#town-hall > Feedback thread (archived thread),41,12,2023-04-25T19:45:30.122000+00:00,2023-04-26T13:03:49.722000+00:00
#town-hall > bingo thread (archived thread),41,10,2022-06-22T11:25:16.022000+00:00,2022-06-29T21:31:34.159000+00:00
#town-hall > katzecradle Mod Application (archived thread),39,8,2023-06-26T12:49:18.875000+00:00,2023-07-03T20:42:08.502000+00:00
#town-hall > Mar 26 Promos (archived thread),38,8,2026-04-01T01:47:57.460000+00:00,2026-04-01T19:20:48.939000+00:00
#town-hall > Ticketing System (archived thread),36,5,2023-09-18T19:05:48.914000+00:00,2023-09-23T17:47:51.431000+00:00
#town-hall > discussion thread (archived thread),30,10,2023-03-13T16:00:09.355000+00:00,2023-03-19T16:39:19.213000+00:00
#town-hall > unrelated-shitposting-etc (archived thread),30,5,2022-12-09T20:27:06.721000+00:00,2022-12-09T22:37:10.263000+00:00
#town-hall > bing o (archived thread),28,11,2025-06-26T21:38:18.187000+00:00,2025-07-15T05:02:14.718000+00:00
"#town-hall > Hi all, those of us in the events team (archived thread)",27,9,2024-01-08T22:58:36.464000+00:00,2024-01-15T00:59:31.991000+00:00
"#town-hall > Clan Ranks, Titles, and Icons! (archived thread)",27,12,2022-09-30T05:04:14.988000+00:00,2022-10-16T01:53:23.571000+00:00
#town-hall > Elbo Mod Application (archived thread),26,5,2023-06-26T14:36:59.992000+00:00,2023-07-11T13:53:22.310000+00:00
#town-hall > XXL Vision Mod Application (archived thread),25,8,2023-06-26T14:28:09.927000+00:00,2023-06-28T17:30:28.816000+00:00
#town-hall > Clan Charter Thread (archived thread),24,7,2026-04-05T00:13:00.580000+00:00,2026-04-06T19:39:34.418000+00:00
#town-hall > Deafish Mod Application (archived thread),24,7,2023-06-26T05:35:07.669000+00:00,2023-06-27T04:55:26.391000+00:00
#town-hall > Questions and comments about the proposal go here. (archived thread),23,13,2023-11-13T21:44:10.860000+00:00,2023-11-14T02:07:27.792000+00:00
#town-hall > CommunismWrx application thread (archived thread),20,6,2023-09-21T20:40:05.029000+00:00,2023-09-24T19:15:01.757000+00:00
#town-hall > Cape Icon Length Poll (archived thread),19,7,2025-12-20T18:47:11.367000+00:00,2025-12-21T00:29:03.647000+00:00
#town-hall > Summer Election (archived thread),19,9,2023-07-04T16:40:19.279000+00:00,2023-07-05T08:53:24.002000+00:00
#town-hall > It's a brand new month and that means (archived thread),17,11,2024-09-04T09:43:48.588000+00:00,2024-09-05T02:57:46.316000+00:00
#town-hall > Mod Guidelines (archived thread),16,2,2022-03-22T12:22:25.581000+00:00,2022-03-22T20:13:33.209000+00:00
#town-hall > Andy bad thread (archived thread),15,7,2023-03-30T00:34:38.514000+00:00,2023-03-30T13:30:00.925000+00:00
#town-hall > Left Scape Winter Bingo Signups (archived thread),15,11,2022-12-20T19:53:34.033000+00:00,2022-12-31T19:52:54.190000+00:00
#town-hall > Comment how you hate all three icons here! (archived thread),14,8,2023-12-08T21:06:50.106000+00:00,2023-12-09T01:43:46.950000+00:00
#town-hall > Article 0 - Pelicans (archived thread),14,5,2022-12-06T12:32:40.485000+00:00,2022-12-06T15:06:55.694000+00:00
#town-hall > Promos 4/22/25 (archived thread),13,4,2025-04-22T07:35:18.893000+00:00,2025-04-22T19:41:28.148000+00:00
#town-hall > giving elbo mod job application (archived thread),13,6,2023-09-18T19:21:48.332000+00:00,2023-09-24T11:47:27.286000+00:00
#town-hall > Summeringo Feedback (archived thread),13,11,2023-07-31T16:30:31.238000+00:00,2023-07-31T23:58:00.953000+00:00
#town-hall > Summeringo Structure (archived thread),13,3,2023-07-05T22:36:04.536000+00:00,2023-07-05T23:05:44.667000+00:00
#town-hall > Does Communism Wrx? (archived thread),13,4,2023-06-27T21:15:59.454000+00:00,2023-06-29T22:12:45.011000+00:00
#town-hall > movie suggestions (archived thread),13,6,2023-05-30T05:18:35.635000+00:00,2023-05-30T17:21:52.357000+00:00
#town-hall > Springo Signups (archived thread),13,8,2023-03-27T14:40:27.669000+00:00,2023-04-06T07:00:44.152000+00:00
#town-hall > bonus point lines (archived thread),13,4,2022-12-09T20:03:08.197000+00:00,2022-12-10T16:35:55.693000+00:00
#town-hall > Thread for election discussion (archived thread),13,4,2022-04-27T15:00:57.073000+00:00,2022-05-02T11:54:24.633000+00:00
#town-hall > events team (archived thread),13,5,2022-01-20T22:43:36.095000+00:00,2022-01-23T02:24:27.670000+00:00
#town-hall > Article 0 - Fluff Posts (archived thread),12,6,2023-09-18T19:06:40.589000+00:00,2023-09-19T06:22:59.348000+00:00
#town-hall > Hollie Mod Application (archived thread),12,4,2023-09-18T23:15:51.390000+00:00,2023-09-20T16:27:01.117000+00:00
#town-hall > do i smell a marketplace of ideas (archived thread),12,5,2023-03-30T00:18:20.245000+00:00,2023-03-30T00:22:30.843000+00:00
#town-hall > post-99 (archived thread),12,5,2022-03-11T23:27:30.187000+00:00,2022-03-20T06:48:40.752000+00:00
"#town-hall > @everyone Long overdue for promos, but (archived thread)",11,7,2025-06-19T20:16:19.516000+00:00,2025-06-19T21:41:39.747000+00:00
#town-hall > any questions before signing up etc (archived thread),11,4,2023-03-17T23:16:35.491000+00:00,2023-03-30T23:29:21.161000+00:00
#town-hall > Article II - BDFL (archived thread),11,3,2022-11-04T01:23:24.591000+00:00,2022-11-11T20:43:13.485000+00:00
#town-hall > 1th level broadcasts (archived thread),11,4,2022-03-11T23:31:02.826000+00:00,2022-03-20T06:47:15.308000+00:00
"#town-hall > Andy stepping down, No election. (archived thread)",10,7,2023-12-08T21:29:36.034000+00:00,2023-12-09T00:34:16.734000+00:00
#town-hall > Article II - Wise Old Man Bot (archived thread),10,6,2023-04-05T00:03:22.907000+00:00,2023-04-05T10:12:58.048000+00:00
#town-hall > Nerd shit (archived thread),10,2,2022-12-09T23:57:23.912000+00:00,2022-12-10T02:00:53.631000+00:00
#town-hall > they can go in here (archived thread),9,8,2025-06-26T21:38:48.024000+00:00,2025-06-27T00:34:01.675000+00:00
#town-hall > Promos (Dec '24–Jan '25) (archived thread),9,4,2025-02-03T22:19:06.145000+00:00,2025-02-05T14:22:27.126000+00:00
#town-hall > XXL Vision Application (archived thread),9,4,2023-09-18T19:12:55.440000+00:00,2023-09-20T16:22:03.812000+00:00
#town-hall > UnionizeNow Mod Application (archived thread),9,5,2023-06-27T21:57:59.073000+00:00,2023-06-29T22:47:50.916000+00:00
#town-hall > Newsletter ideas (archived thread),9,5,2023-05-21T19:48:53.453000+00:00,2023-05-28T17:41:48.265000+00:00
#town-hall > 2) Pickaxe Reform (archived thread),8,2,2025-04-01T08:14:55.271000+00:00,2025-04-01T08:29:11.209000+00:00
#town-hall > Cute Bulge Application (archived thread),8,5,2023-09-18T23:49:16.629000+00:00,2023-09-21T06:50:36.482000+00:00
#town-hall > Promotions (Oct. 2024) (archived thread),7,6,2024-10-13T00:11:14.866000+00:00,2024-10-13T09:35:03.320000+00:00
#town-hall > Promotions (archived thread),7,3,2023-09-25T21:16:10.535000+00:00,2023-09-25T22:07:18.856000+00:00
#town-hall > Article I - Mod Promotion (archived thread),7,3,2022-12-06T12:24:23.664000+00:00,2023-04-04T23:53:04.274000+00:00
#town-hall > questions & answers about bingo (archived thread),7,3,2023-01-01T19:58:24.337000+00:00,2023-01-04T19:23:32.630000+00:00
#town-hall > Collection Log Items (archived thread),7,5,2022-03-12T00:34:24.620000+00:00,2022-03-20T06:49:36.783000+00:00
#town-hall > Bingo Planning (archived thread),6,3,2025-06-24T15:15:38.353000+00:00,2025-07-14T17:47:19.808000+00:00
#town-hall > Promos (Oct–Nov '24) (archived thread),6,4,2024-11-19T21:37:31.083000+00:00,2024-12-15T16:58:08.744000+00:00
#town-hall > Fallingo ‘24 Q4 (archived thread),6,3,2024-10-05T00:59:06.101000+00:00,2024-10-05T03:13:59.736000+00:00
#town-hall > Server Reorganization (archived thread),6,2,2022-12-29T20:58:54.889000+00:00,2022-12-30T17:23:00.511000+00:00
#town-hall > 10th level broadcasts (archived thread),6,4,2022-03-11T23:24:13.313000+00:00,2022-03-14T21:29:03.380000+00:00
#town-hall > PvP (archived thread),6,3,2022-03-11T23:17:17.716000+00:00,2022-03-12T00:34:27.221000+00:00
#town-hall > clan ranks (thread),5,2,2026-07-13T12:49:21.175000+00:00,2026-07-13T12:53:56.758000+00:00
#town-hall > Closing tiiiime one last call for bingo y'all (archived thread),5,3,2025-07-02T16:34:36.924000+00:00,2025-07-02T16:49:28.395000+00:00
#town-hall > 6/28 Promos (archived thread),5,3,2024-06-29T00:22:15.412000+00:00,2024-06-29T00:39:35.040000+00:00
#town-hall > Article 5 Mod Ties (archived thread),5,3,2023-09-18T19:05:17.917000+00:00,2023-09-19T06:41:46.276000+00:00
#town-hall > task tiers discussion (archived thread),5,3,2022-12-09T20:03:19.736000+00:00,2022-12-09T23:28:33.436000+00:00
#town-hall > 5th level broadcasts (archived thread),5,3,2022-03-11T23:29:24.269000+00:00,2022-03-14T21:29:36.579000+00:00
#town-hall > Promos March '26 (archived thread),4,3,2026-03-06T00:00:50.937000+00:00,2026-03-06T19:25:38.032000+00:00
#town-hall > Promotion Complaints (archived thread),4,3,2023-08-24T18:17:58.634000+00:00,2023-09-19T01:45:44.136000+00:00
#town-hall > hey everyone in the coming days we ll be (archived thread),4,3,2022-11-30T01:05:49.760000+00:00,2022-12-05T20:21:21.725000+00:00
#town-hall > loot threshold (archived thread),4,2,2022-03-11T23:17:36.873000+00:00,2022-03-11T23:26:48.246000+00:00
#town-hall > it was 2020. (archived thread),3,2,2026-03-06T19:37:59.239000+00:00,2026-03-06T19:42:20.962000+00:00
#town-hall > Promos (Nov–Dec '24) (archived thread),3,2,2025-01-04T18:28:07.319000+00:00,2025-01-05T03:06:30.904000+00:00
"#town-hall > @everyone Hello guys gals and NB pals, (archived thread)",3,2,2024-03-18T05:30:37.034000+00:00,2024-03-18T19:50:02.163000+00:00
#town-hall > @everyone (Sorry Marxy 😉 ) It's time (archived thread),3,2,2023-10-30T20:46:03.641000+00:00,2023-10-30T21:13:35.830000+00:00
#town-hall > Complain about your lack of events points here (archived thread),3,2,2023-09-08T00:21:15.210000+00:00,2023-09-11T19:48:38.859000+00:00
#town-hall > please vote for FEBRUARY’s weekly events (archived thread),3,2,2023-02-01T17:53:44.800000+00:00,2023-02-01T19:07:00.989000+00:00
"#town-hall > Hello @everyone, it's the end of the (archived thread)",2,1,2024-07-30T09:30:32.743000+00:00,2024-07-30T09:30:32.989000+00:00
#town-hall > 5 SPECIAL RULE SCOREBOARD (archived thread),2,1,2023-07-05T22:40:47.383000+00:00,2023-07-05T22:40:47.839000+00:00
#town-hall > Summeringo Teams (archived thread),2,1,2023-07-05T22:35:30.307000+00:00,2023-07-05T22:35:30.881000+00:00
#town-hall > Summeringo Duration (archived thread),2,1,2023-07-05T22:34:49.127000+00:00,2023-07-05T22:34:49.550000+00:00
#town-hall > Summeringo Date (archived thread),2,1,2023-07-05T22:34:06.340000+00:00,2023-07-05T22:34:06.791000+00:00
#town-hall > team size discussion (archived thread),2,1,2022-12-09T20:02:46.587000+00:00,2022-12-09T20:02:47.034000+00:00
#town-hall > dates discussion (archived thread),2,1,2022-12-09T20:02:33.053000+00:00,2022-12-09T20:02:33.488000+00:00
#town-hall > Article IV - Mod Terms (archived thread),2,1,2022-11-04T01:24:31.448000+00:00,2022-11-04T01:24:31.930000+00:00
#town-hall > Article III - Separation of Mod Duties (archived thread),2,1,2022-11-04T01:24:00.883000+00:00,2022-11-04T01:24:01.481000+00:00
#town-hall > Summeringo Special Rules (archived thread),1,1,2023-07-05T22:38:04.578000+00:00,2023-07-05T22:38:04.578000+00:00
#town-hall [TOTAL incl. threads],5425,176,2020-11-16T14:37:23.274000+00:00,2026-07-13T12:53:56.758000+00:00
#advice,5065,165,2020-10-04T15:06:58.771000+00:00,2026-07-14T18:56:29.559000+00:00
#advice > Noob Wildy Slayer (Iron btw) (archived thread),51,5,2026-05-23T00:07:55.289000+00:00,2026-05-25T18:10:15.266000+00:00
#advice [TOTAL incl. threads],5116,165,2020-10-04T15:06:58.771000+00:00,2026-07-14T18:56:29.559000+00:00
#usernames,4927,225,2021-01-24T15:46:45.855000+00:00,2026-07-16T04:39:08.530000+00:00
#suggestions,3187,151,2020-10-04T22:41:19.096000+00:00,2026-07-16T21:07:55.755000+00:00
#suggestions > Spoilers in CC (archived thread),193,12,2025-05-22T20:46:34.335000+00:00,2025-05-25T23:14:25.119000+00:00
#suggestions > nuke good-news (archived thread),109,9,2026-03-17T21:17:35.798000+00:00,2026-03-19T05:50:38.585000+00:00
#suggestions > Should we have a 'good-news' channel (archived thread),90,15,2026-03-19T05:58:19.735000+00:00,2026-03-20T21:20:30.876000+00:00
#suggestions > gondar why lothars (archived thread),74,4,2021-12-12T15:51:03.281000+00:00,2022-01-22T07:06:37.652000+00:00
#suggestions > Suggestion: alongside a good-news (archived thread),41,9,2026-03-19T06:59:28.024000+00:00,2026-03-19T18:53:32.575000+00:00
#suggestions > A behavioral pattern. Y'all get told no (archived thread),27,6,2026-04-29T18:51:50.699000+00:00,2026-04-29T20:12:38.865000+00:00
"#suggestions > Hey @everyone, we're once again looking (archived thread)",21,5,2025-05-03T06:52:13.542000+00:00,2025-05-10T10:04:54.008000+00:00
#suggestions > sotw suggestions thread (archived thread),14,6,2026-01-06T23:23:32.102000+00:00,2026-01-07T15:16:07.983000+00:00
#suggestions > On Channels (thread),2,1,2026-07-14T00:15:10.929000+00:00,2026-07-14T00:15:12.345000+00:00
#suggestions > Trading marketplace text channel for (archived thread),2,1,2024-11-21T14:34:22.852000+00:00,2024-11-21T14:34:23.842000+00:00
#suggestions [TOTAL incl. threads],3760,154,2020-10-04T22:41:19.096000+00:00,2026-07-16T21:07:55.755000+00:00
#head-pats,3683,173,2020-12-13T16:52:04.635000+00:00,2026-07-16T18:16:23.714000+00:00
#cooking-guild,3284,122,2021-04-09T00:18:40.273000+00:00,2026-07-02T21:37:04.956000+00:00
#cooking-guild > Fibrous Thread (archived thread),45,5,2026-03-25T22:24:20.999000+00:00,2026-04-14T01:55:58.792000+00:00
#cooking-guild > Vegan Recipe Book (archived thread),14,4,2023-03-20T01:56:10.824000+00:00,2023-03-30T22:47:33.458000+00:00
#cooking-guild [TOTAL incl. threads],3343,122,2021-04-09T00:18:40.273000+00:00,2026-07-02T21:37:04.956000+00:00
#content-recs,3079,144,2020-10-09T17:40:16.304000+00:00,2026-07-10T19:56:29.353000+00:00
#content-recs > 9/11 (archived thread),245,5,2023-04-02T19:01:35.809000+00:00,2023-11-19T21:43:47.111000+00:00
#content-recs > Matrix 4 Discussion (SPOILERS) (archived thread),12,3,2021-12-29T06:00:05.096000+00:00,2021-12-29T23:01:44.161000+00:00
#content-recs > Leftist Vijay Prashad's view on China: I... (archived thread),2,2,2025-11-13T07:17:19.551000+00:00,2025-11-13T16:16:00.332000+00:00
#content-recs [TOTAL incl. threads],3338,145,2020-10-09T17:40:16.304000+00:00,2026-07-10T19:56:29.353000+00:00
#pking,3071,91,2021-01-17T23:30:58.709000+00:00,2025-05-07T00:51:14.177000+00:00
#pking > clan claws (archived thread),83,8,2021-12-14T00:17:12.783000+00:00,2022-01-15T06:47:59.642000+00:00
#pking [TOTAL incl. threads],3154,91,2021-01-17T23:30:58.709000+00:00,2025-05-07T00:51:14.177000+00:00
#fashionscape,2513,157,2020-10-04T14:23:55.394000+00:00,2026-06-26T23:42:00.545000+00:00
#our-hobbies,2023,110,2022-08-01T18:42:31.047000+00:00,2026-07-13T02:32:52.253000+00:00
#our-hobbies > PC Building (archived thread),191,5,2022-09-08T19:40:59.333000+00:00,2022-09-11T16:34:23.051000+00:00
#our-hobbies > Mittea computer (archived thread),139,5,2025-03-10T11:58:40.106000+00:00,2025-04-08T12:47:47.762000+00:00
#our-hobbies > License plate spotting (thread),17,3,2026-06-26T00:31:00.616000+00:00,2026-07-10T17:27:35.892000+00:00
#our-hobbies > Running thread (archived thread),7,3,2024-08-21T20:53:27.251000+00:00,2024-08-21T21:46:58.058000+00:00
"#our-hobbies > Walking thread (it's like running, but slow) (archived thread)",3,2,2024-08-21T22:23:12.786000+00:00,2024-08-22T06:18:55.582000+00:00
#our-hobbies > Cycling (because running hurts the knees) (archived thread),2,2,2024-08-21T20:55:18.267000+00:00,2024-08-21T20:57:19.248000+00:00
#our-hobbies [TOTAL incl. threads],2382,110,2022-08-01T18:42:31.047000+00:00,2026-07-13T02:32:52.253000+00:00
#irl-fashionscape,2266,136,2021-06-30T01:24:09.041000+00:00,2026-07-11T21:09:07.364000+00:00
#irl-fashionscape > Japan pics (archived thread),10,1,2025-03-06T03:58:54.276000+00:00,2025-03-06T04:01:02.134000+00:00
#irl-fashionscape [TOTAL incl. threads],2276,136,2021-06-30T01:24:09.041000+00:00,2026-07-11T21:09:07.364000+00:00
#dank-tank,1883,109,2021-01-03T02:10:52.294000+00:00,2026-07-13T17:58:42.454000+00:00
#bossing-text-channel,1775,66,2020-10-03T16:44:17.591000+00:00,2023-01-02T00:44:41.584000+00:00
#barrows-sisters,1583,46,2023-10-06T22:31:31.813000+00:00,2026-07-16T15:35:33.266000+00:00
#leftscape-library,1362,80,2020-12-27T03:28:39.613000+00:00,2025-10-22T12:50:16.682000+00:00
#pokemon-go-to-the-polls,730,48,2024-08-30T21:12:11.478000+00:00,2024-11-12T10:33:00.025000+00:00
#summeringo-proof,16,9,2023-07-21T16:24:56.433000+00:00,2023-07-31T20:04:04.482000+00:00
#summeringo-proof > Thot Things (archived thread),147,11,2023-07-21T16:38:29.696000+00:00,2023-07-31T15:40:45.284000+00:00
#summeringo-proof > gone-fishing-:frog:  PROOF (archived thread),147,11,2023-07-21T17:18:47.454000+00:00,2023-07-31T02:59:30.675000+00:00
#summeringo-proof > CREAM proof (archived thread),142,12,2023-07-21T17:15:36.807000+00:00,2023-07-30T21:37:02.286000+00:00
#summeringo-proof > Team Cream (archived thread),1,1,2023-07-21T17:15:23.228000+00:00,2023-07-21T17:15:23.228000+00:00
#summeringo-proof [TOTAL incl. threads],453,28,2023-07-21T16:24:56.433000+00:00,2023-07-31T20:04:04.482000+00:00
#raids-records,384,28,2020-12-14T22:57:15.742000+00:00,2025-09-06T01:41:37.276000+00:00
#bot-commands,277,55,2026-04-07T01:07:14.348000+00:00,2026-07-13T10:30:34.143000+00:00
#qpw-repository,253,51,2021-07-18T17:41:42.803000+00:00,2026-04-28T12:57:44.202000+00:00
#qpw-repository > not quite a qpw but my friend's name and (archived thread),2,1,2026-01-26T01:37:28.128000+00:00,2026-01-26T01:37:28.620000+00:00
#qpw-repository [TOTAL incl. threads],255,51,2021-07-18T17:41:42.803000+00:00,2026-04-28T12:57:44.202000+00:00
#announcements,63,13,2023-04-06T12:22:39.288000+00:00,2026-07-08T14:30:39.197000+00:00
#announcements > Soundboard (archived thread),57,10,2023-05-20T18:51:07.281000+00:00,2023-08-04T18:06:37.907000+00:00
#announcements > Account Purge 2026 (archived thread),22,8,2026-01-12T22:01:25.944000+00:00,2026-01-14T21:33:59.003000+00:00
"#announcements > May 1, 2023 Left Scape Newsletter no. 1 (archived thread)",22,7,2023-05-01T22:04:37.418000+00:00,2023-05-09T15:52:22.962000+00:00
#announcements > Summeringo Signup Discussion (archived thread),20,6,2023-07-06T20:44:45.134000+00:00,2023-07-28T00:43:56.766000+00:00
#announcements > Locker Room Talk Discussion (archived thread),11,6,2025-03-03T08:25:15.078000+00:00,2025-03-03T21:32:44.937000+00:00
#announcements > Discord Policy Update Discussion (archived thread),10,4,2024-04-22T00:49:56.612000+00:00,2024-04-22T01:22:07.686000+00:00
#announcements > Plebian forum (archived thread),9,3,2024-04-12T12:32:43.820000+00:00,2024-04-15T19:16:02.304000+00:00
#announcements > Be Nice Thread (thread),8,5,2026-07-08T14:31:00.155000+00:00,2026-07-08T18:29:27.694000+00:00
#announcements > Bingo (Fall 2024) (archived thread),7,4,2024-10-08T14:46:47.133000+00:00,2024-11-01T16:40:58.274000+00:00
#announcements > Elections '23q3 (archived thread),7,3,2023-09-12T21:05:42.030000+00:00,2023-09-13T00:00:03.446000+00:00
#announcements > Discord (archived thread),5,3,2024-01-13T17:42:26.711000+00:00,2024-01-13T18:05:01.974000+00:00
#announcements > Media Channel Forum & Offline Category (archived thread),3,2,2025-12-15T22:15:00.971000+00:00,2025-12-16T05:24:39.659000+00:00
#announcements > Promotions! (archived thread),2,1,2026-01-02T09:18:57.539000+00:00,2026-01-02T09:18:58.808000+00:00
#announcements [TOTAL incl. threads],246,37,2023-04-06T12:22:39.288000+00:00,2026-07-08T18:29:27.694000+00:00
#vc_greatest_hits,236,44,2021-07-03T12:16:19.510000+00:00,2026-07-09T20:38:56.170000+00:00
#join-portal,219,70,2026-03-03T18:55:43.285000+00:00,2026-07-15T10:20:46.145000+00:00
#good-news,217,42,2026-03-19T13:15:13.627000+00:00,2026-07-15T19:21:41.571000+00:00
#spec-comparisons,160,9,2021-09-17T15:11:20.772000+00:00,2021-09-20T23:16:51.291000+00:00
#28slotcommie,125,5,2021-02-28T16:55:02.894000+00:00,2026-03-05T13:17:18.411000+00:00
#28slotcommie > Relaunch when (archived thread),13,5,2026-03-05T13:17:19.544000+00:00,2026-05-27T23:48:02.939000+00:00
#28slotcommie [TOTAL incl. threads],138,8,2021-02-28T16:55:02.894000+00:00,2026-05-27T23:48:02.939000+00:00
#summeringo,60,19,2023-07-20T18:59:07.812000+00:00,2023-07-27T16:01:11.645000+00:00
#guide-of-blood,47,2,2021-02-13T20:00:19.813000+00:00,2021-11-28T22:30:18.574000+00:00
#trade-chat,47,19,2024-12-24T14:59:27.553000+00:00,2025-05-31T19:03:13.849000+00:00
#pking-multi,12,1,2023-10-21T22:12:43.390000+00:00,2024-08-14T00:18:18.032000+00:00
#pking-multi > Tactics Resources (archived thread),6,1,2024-08-05T16:10:52.686000+00:00,2024-08-06T02:19:16.959000+00:00
#pking-multi > Swampbark Support Role Itemized List (archived thread),5,2,2024-08-05T20:37:13.912000+00:00,2024-08-05T22:08:58.888000+00:00
#pking-multi > Mystic Warrior Itemized List (archived thread),5,1,2024-08-05T20:16:25.923000+00:00,2024-08-05T20:28:46.866000+00:00
#pking-multi > Bloodbark! (archived thread),4,2,2024-08-13T23:50:52.510000+00:00,2024-09-25T20:16:05.969000+00:00
#pking-multi > Salad Rober Itemized List (archived thread),4,1,2024-08-05T18:27:00.743000+00:00,2024-08-06T01:58:19.865000+00:00
#pking-multi > Absolute Rag Itemized List (archived thread),4,1,2024-08-05T18:17:26.439000+00:00,2024-08-06T02:01:34.559000+00:00
#pking-multi > Absolute Rag Itemized lists and potential improvements (archived thread),2,1,2024-08-05T18:13:00.938000+00:00,2024-08-05T18:13:01.179000+00:00
#pking-multi > How to PvP (archived thread),1,1,2023-04-09T13:10:05.444000+00:00,2023-04-09T13:10:05.444000+00:00
#pking-multi > Introduction (archived thread),1,1,2023-04-09T13:06:46.548000+00:00,2023-04-09T13:06:46.548000+00:00
#pking-multi > Account Building (archived thread),1,1,2023-04-09T13:07:16.233000+00:00,2023-04-09T13:07:16.233000+00:00
#pking-multi [TOTAL incl. threads],45,3,2023-04-09T13:06:46.548000+00:00,2024-09-25T20:16:05.969000+00:00
#cox-resources,19,1,2021-06-20T04:42:56.934000+00:00,2021-10-28T11:56:30.558000+00:00
#skill-of-the-week,8,3,2022-06-09T18:14:14.143000+00:00,2025-01-29T23:08:43.203000+00:00
#skill-of-the-week > LEADERBOARDS Skill of the Week (archived thread),3,1,2023-03-02T00:39:17.770000+00:00,2023-03-19T03:03:00.770000+00:00
#skill-of-the-week > LEADERBOARDS Skiller Supreme (archived thread),2,1,2023-03-02T00:39:42.706000+00:00,2023-03-19T03:03:59.189000+00:00
#skill-of-the-week [TOTAL incl. threads],13,3,2022-06-09T18:14:14.143000+00:00,2025-01-29T23:08:43.203000+00:00
#mod-reports,12,7,2022-02-13T18:19:40.632000+00:00,2026-02-01T02:41:55.960000+00:00
#mod-guidelines,11,1,2022-04-20T14:27:00.833000+00:00,2022-04-20T14:32:13.998000+00:00
#welcome,5,1,2022-01-21T03:04:33.267000+00:00,2022-01-21T03:05:32.606000+00:00
#clan-charter,3,1,2026-04-04T19:44:04.433000+00:00,2026-04-04T19:44:57.949000+00:00
