parent_channel,year_month,message_count
28slotcommie,2021-02,3
28slotcommie,2021-04,25
28slotcommie,2021-05,54
28slotcommie,2021-06,25
28slotcommie,2021-07,7
28slotcommie,2021-09,10
28slotcommie,2026-03,13
28slotcommie,2026-05,1
achievements,2020-10,211
achievements,2020-11,47
achievements,2020-12,91
achievements,2021-01,264
achievements,2021-02,136
achievements,2021-03,277
achievements,2021-04,209
achievements,2021-05,361
achievements,2021-06,317
achievements,2021-07,394
achievements,2021-08,310
achievements,2021-09,376
achievements,2021-10,397
achievements,2021-11,405
achievements,2021-12,283
achievements,2022-01,405
achievements,2022-02,112
achievements,2022-03,216
achievements,2022-04,102
achievements,2022-05,113
achievements,2022-06,71
achievements,2022-07,55
achievements,2022-08,111
achievements,2022-09,83
achievements,2022-10,113
achievements,2022-11,77
achievements,2022-12,140
achievements,2023-01,176
achievements,2023-02,130
achievements,2023-03,152
achievements,2023-04,229
achievements,2023-05,121
achievements,2023-06,149
achievements,2023-07,94
achievements,2023-08,102
achievements,2023-09,82
achievements,2023-10,111
achievements,2023-11,130
achievements,2023-12,65
achievements,2024-01,123
achievements,2024-02,62
achievements,2024-03,127
achievements,2024-04,149
achievements,2024-05,79
achievements,2024-06,156
achievements,2024-07,103
achievements,2024-08,213
achievements,2024-09,90
achievements,2024-10,63
achievements,2024-11,125
achievements,2024-12,28
achievements,2025-01,40
achievements,2025-02,76
achievements,2025-03,148
achievements,2025-04,99
achievements,2025-05,120
achievements,2025-06,68
achievements,2025-07,94
achievements,2025-08,110
achievements,2025-09,77
achievements,2025-10,93
achievements,2025-11,205
achievements,2025-12,162
achievements,2026-01,125
achievements,2026-02,110
achievements,2026-03,125
achievements,2026-04,64
achievements,2026-05,85
achievements,2026-06,86
achievements,2026-07,57
advice,2020-10,16
advice,2020-12,8
advice,2021-01,10
advice,2021-02,33
advice,2021-03,88
advice,2021-04,46
advice,2021-05,13
advice,2021-06,129
advice,2021-07,283
advice,2021-08,4
advice,2021-09,102
advice,2021-10,115
advice,2021-11,133
advice,2021-12,133
advice,2022-01,88
advice,2022-02,15
advice,2022-03,10
advice,2022-04,2
advice,2022-05,8
advice,2022-06,5
advice,2022-07,16
advice,2022-08,43
advice,2022-09,18
advice,2022-10,56
advice,2022-11,9
advice,2022-12,15
advice,2023-01,89
advice,2023-02,22
advice,2023-03,78
advice,2023-04,34
advice,2023-05,31
advice,2023-06,60
advice,2023-07,196
advice,2023-09,149
advice,2023-10,108
advice,2024-01,28
advice,2024-02,146
advice,2024-03,41
advice,2024-04,24
advice,2024-05,48
advice,2024-06,109
advice,2024-07,21
advice,2024-08,28
advice,2024-10,33
advice,2024-11,163
advice,2025-02,249
advice,2025-03,372
advice,2025-04,156
advice,2025-05,57
advice,2025-06,16
advice,2025-07,53
advice,2025-08,93
advice,2025-09,331
advice,2025-10,94
advice,2025-11,60
advice,2025-12,154
advice,2026-01,254
advice,2026-02,66
advice,2026-03,83
advice,2026-04,49
advice,2026-05,88
advice,2026-06,65
advice,2026-07,70
announcements,2023-04,3
announcements,2023-05,75
announcements,2023-06,5
announcements,2023-07,27
announcements,2023-08,3
announcements,2023-09,8
announcements,2024-01,9
announcements,2024-03,2
announcements,2024-04,25
announcements,2024-05,2
announcements,2024-07,3
announcements,2024-08,2
announcements,2024-10,7
announcements,2024-11,3
announcements,2024-12,3
announcements,2025-03,14
announcements,2025-06,1
announcements,2025-07,1
announcements,2025-10,3
announcements,2025-11,3
announcements,2025-12,7
announcements,2026-01,28
announcements,2026-04,2
announcements,2026-07,10
barrows-sisters,2023-10,95
barrows-sisters,2023-11,163
barrows-sisters,2023-12,45
barrows-sisters,2024-01,2
barrows-sisters,2024-02,30
barrows-sisters,2024-03,65
barrows-sisters,2024-04,121
barrows-sisters,2024-05,188
barrows-sisters,2024-06,286
barrows-sisters,2024-07,51
barrows-sisters,2024-08,20
barrows-sisters,2024-09,23
barrows-sisters,2024-10,35
barrows-sisters,2024-11,16
barrows-sisters,2024-12,3
barrows-sisters,2025-01,27
barrows-sisters,2025-02,13
barrows-sisters,2025-03,31
barrows-sisters,2025-04,60
barrows-sisters,2025-05,1
barrows-sisters,2025-07,1
barrows-sisters,2025-08,4
barrows-sisters,2025-09,2
barrows-sisters,2025-10,23
barrows-sisters,2025-11,114
barrows-sisters,2025-12,19
barrows-sisters,2026-01,81
barrows-sisters,2026-02,31
barrows-sisters,2026-03,8
barrows-sisters,2026-05,6
barrows-sisters,2026-06,11
barrows-sisters,2026-07,8
bossing-text-channel,2020-10,64
bossing-text-channel,2020-11,41
bossing-text-channel,2020-12,530
bossing-text-channel,2021-01,45
bossing-text-channel,2021-02,102
bossing-text-channel,2021-03,164
bossing-text-channel,2021-04,191
bossing-text-channel,2021-05,77
bossing-text-channel,2021-06,128
bossing-text-channel,2021-07,20
bossing-text-channel,2021-08,118
bossing-text-channel,2021-09,64
bossing-text-channel,2021-10,79
bossing-text-channel,2021-11,11
bossing-text-channel,2021-12,21
bossing-text-channel,2022-01,26
bossing-text-channel,2022-02,23
bossing-text-channel,2022-03,1
bossing-text-channel,2022-06,1
bossing-text-channel,2022-07,12
bossing-text-channel,2022-08,11
bossing-text-channel,2022-10,16
bossing-text-channel,2022-11,19
bossing-text-channel,2022-12,10
bossing-text-channel,2023-01,1
bot-commands,2026-04,238
bot-commands,2026-05,4
bot-commands,2026-06,22
bot-commands,2026-07,13
clan-charter,2026-04,3
content-recs,2020-10,41
content-recs,2020-11,28
content-recs,2020-12,30
content-recs,2021-01,52
content-recs,2021-02,317
content-recs,2021-03,135
content-recs,2021-04,57
content-recs,2021-05,288
content-recs,2021-06,171
content-recs,2021-07,57
content-recs,2021-08,8
content-recs,2021-09,43
content-recs,2021-10,36
content-recs,2021-11,20
content-recs,2021-12,30
content-recs,2022-01,53
content-recs,2022-02,84
content-recs,2022-03,29
content-recs,2022-04,1
content-recs,2022-05,6
content-recs,2022-06,1
content-recs,2022-07,25
content-recs,2022-08,18
content-recs,2022-09,56
content-recs,2022-10,13
content-recs,2022-11,24
content-recs,2022-12,5
content-recs,2023-01,12
content-recs,2023-02,41
content-recs,2023-03,39
content-recs,2023-04,435
content-recs,2023-05,19
content-recs,2023-06,5
content-recs,2023-07,25
content-recs,2023-08,26
content-recs,2023-09,27
content-recs,2023-10,20
content-recs,2023-11,59
content-recs,2023-12,79
content-recs,2024-01,13
content-recs,2024-03,28
content-recs,2024-07,3
content-recs,2024-08,46
content-recs,2024-09,34
content-recs,2024-10,6
content-recs,2024-11,12
content-recs,2024-12,2
content-recs,2025-01,13
content-recs,2025-02,20
content-recs,2025-03,28
content-recs,2025-04,8
content-recs,2025-05,16
content-recs,2025-06,20
content-recs,2025-07,23
content-recs,2025-08,25
content-recs,2025-09,51
content-recs,2025-10,118
content-recs,2025-11,38
content-recs,2025-12,96
content-recs,2026-01,145
content-recs,2026-02,11
content-recs,2026-03,22
content-recs,2026-04,35
content-recs,2026-05,44
content-recs,2026-06,59
content-recs,2026-07,7
cooking-guild,2021-04,28
cooking-guild,2021-05,32
cooking-guild,2021-06,27
cooking-guild,2021-07,35
cooking-guild,2021-08,25
cooking-guild,2021-09,17
cooking-guild,2021-10,61
cooking-guild,2021-11,20
cooking-guild,2021-12,83
cooking-guild,2022-01,73
cooking-guild,2022-02,30
cooking-guild,2022-03,56
cooking-guild,2022-04,5
cooking-guild,2022-05,16
cooking-guild,2022-06,63
cooking-guild,2022-07,17
cooking-guild,2022-08,9
cooking-guild,2022-09,4
cooking-guild,2022-10,17
cooking-guild,2022-11,37
cooking-guild,2022-12,8
cooking-guild,2023-01,14
cooking-guild,2023-02,232
cooking-guild,2023-03,219
cooking-guild,2023-04,109
cooking-guild,2023-05,50
cooking-guild,2023-06,137
cooking-guild,2023-07,84
cooking-guild,2023-08,53
cooking-guild,2023-09,43
cooking-guild,2023-10,121
cooking-guild,2023-11,226
cooking-guild,2023-12,122
cooking-guild,2024-01,97
cooking-guild,2024-02,70
cooking-guild,2024-03,97
cooking-guild,2024-04,27
cooking-guild,2024-05,39
cooking-guild,2024-06,101
cooking-guild,2024-07,50
cooking-guild,2024-08,36
cooking-guild,2024-09,48
cooking-guild,2024-10,17
cooking-guild,2024-11,32
cooking-guild,2024-12,12
cooking-guild,2025-01,4
cooking-guild,2025-02,3
cooking-guild,2025-03,13
cooking-guild,2025-04,20
cooking-guild,2025-05,6
cooking-guild,2025-06,10
cooking-guild,2025-07,8
cooking-guild,2025-08,59
cooking-guild,2025-09,46
cooking-guild,2025-10,36
cooking-guild,2025-11,56
cooking-guild,2025-12,40
cooking-guild,2026-01,74
cooking-guild,2026-02,67
cooking-guild,2026-03,102
cooking-guild,2026-04,43
cooking-guild,2026-05,21
cooking-guild,2026-06,29
cooking-guild,2026-07,7
cox-resources,2021-06,12
cox-resources,2021-07,3
cox-resources,2021-09,1
cox-resources,2021-10,3
cursed-liberal-content,2020-10,135
cursed-liberal-content,2020-11,137
cursed-liberal-content,2020-12,119
cursed-liberal-content,2021-01,960
cursed-liberal-content,2021-02,685
cursed-liberal-content,2021-03,237
cursed-liberal-content,2021-04,484
cursed-liberal-content,2021-05,335
cursed-liberal-content,2021-06,439
cursed-liberal-content,2021-07,302
cursed-liberal-content,2021-08,251
cursed-liberal-content,2021-09,384
cursed-liberal-content,2021-10,311
cursed-liberal-content,2021-11,180
cursed-liberal-content,2021-12,245
cursed-liberal-content,2022-01,198
cursed-liberal-content,2022-02,264
cursed-liberal-content,2022-03,260
cursed-liberal-content,2022-04,113
cursed-liberal-content,2022-05,251
cursed-liberal-content,2022-06,223
cursed-liberal-content,2022-07,150
cursed-liberal-content,2022-08,112
cursed-liberal-content,2022-09,117
cursed-liberal-content,2022-10,142
cursed-liberal-content,2022-11,138
cursed-liberal-content,2022-12,164
cursed-liberal-content,2023-01,172
cursed-liberal-content,2023-02,498
cursed-liberal-content,2023-03,411
cursed-liberal-content,2023-04,251
cursed-liberal-content,2023-05,244
cursed-liberal-content,2023-06,305
cursed-liberal-content,2023-07,283
cursed-liberal-content,2023-08,182
cursed-liberal-content,2023-09,241
cursed-liberal-content,2023-10,264
cursed-liberal-content,2023-11,223
cursed-liberal-content,2023-12,157
cursed-liberal-content,2024-01,192
cursed-liberal-content,2024-02,107
cursed-liberal-content,2024-03,422
cursed-liberal-content,2024-04,183
cursed-liberal-content,2024-05,135
cursed-liberal-content,2024-06,124
cursed-liberal-content,2024-07,159
cursed-liberal-content,2024-08,81
cursed-liberal-content,2024-09,132
cursed-liberal-content,2024-10,115
cursed-liberal-content,2024-11,113
cursed-liberal-content,2024-12,238
cursed-liberal-content,2025-01,169
cursed-liberal-content,2025-02,74
cursed-liberal-content,2025-03,109
cursed-liberal-content,2025-04,198
cursed-liberal-content,2025-05,72
cursed-liberal-content,2025-06,336
cursed-liberal-content,2025-07,413
cursed-liberal-content,2025-08,110
cursed-liberal-content,2025-09,205
cursed-liberal-content,2025-10,501
cursed-liberal-content,2025-11,362
cursed-liberal-content,2025-12,822
cursed-liberal-content,2026-01,457
cursed-liberal-content,2026-02,190
cursed-liberal-content,2026-03,136
cursed-liberal-content,2026-04,71
cursed-liberal-content,2026-05,73
cursed-liberal-content,2026-06,108
cursed-liberal-content,2026-07,171
dank-tank,2021-01,103
dank-tank,2021-02,35
dank-tank,2021-03,87
dank-tank,2021-04,155
dank-tank,2021-05,36
dank-tank,2021-06,41
dank-tank,2021-07,46
dank-tank,2021-08,18
dank-tank,2021-09,62
dank-tank,2021-10,33
dank-tank,2021-11,21
dank-tank,2021-12,29
dank-tank,2022-01,59
dank-tank,2022-02,18
dank-tank,2022-03,60
dank-tank,2022-04,13
dank-tank,2022-05,4
dank-tank,2022-06,18
dank-tank,2022-07,9
dank-tank,2022-08,21
dank-tank,2022-09,2
dank-tank,2022-10,13
dank-tank,2022-11,21
dank-tank,2022-12,13
dank-tank,2023-01,132
dank-tank,2023-02,81
dank-tank,2023-03,72
dank-tank,2023-04,61
dank-tank,2023-05,18
dank-tank,2023-06,19
dank-tank,2023-07,17
dank-tank,2023-08,3
dank-tank,2023-09,19
dank-tank,2023-10,12
dank-tank,2023-11,30
dank-tank,2023-12,20
dank-tank,2024-01,10
dank-tank,2024-02,4
dank-tank,2024-03,2
dank-tank,2024-04,45
dank-tank,2024-06,13
dank-tank,2024-07,7
dank-tank,2024-08,20
dank-tank,2024-09,4
dank-tank,2024-10,17
dank-tank,2024-11,6
dank-tank,2025-01,3
dank-tank,2025-02,15
dank-tank,2025-03,16
dank-tank,2025-04,13
dank-tank,2025-05,30
dank-tank,2025-06,4
dank-tank,2025-07,2
dank-tank,2025-08,4
dank-tank,2025-09,10
dank-tank,2025-10,18
dank-tank,2025-11,90
dank-tank,2025-12,9
dank-tank,2026-01,32
dank-tank,2026-02,1
dank-tank,2026-03,17
dank-tank,2026-04,33
dank-tank,2026-05,36
dank-tank,2026-06,10
dank-tank,2026-07,11
edgeville,2020-09,8
edgeville,2020-10,525
edgeville,2020-11,85
edgeville,2020-12,317
edgeville,2021-01,450
edgeville,2021-02,547
edgeville,2021-03,548
edgeville,2021-04,649
edgeville,2021-05,373
edgeville,2021-06,995
edgeville,2021-07,1126
edgeville,2021-08,825
edgeville,2021-09,1094
edgeville,2021-10,1307
edgeville,2021-11,794
edgeville,2021-12,1030
edgeville,2022-01,437
edgeville,2022-02,291
edgeville,2022-03,370
edgeville,2022-04,233
edgeville,2022-05,248
edgeville,2022-06,298
edgeville,2022-07,236
edgeville,2022-08,185
edgeville,2022-09,327
edgeville,2022-10,580
edgeville,2022-11,573
edgeville,2022-12,479
edgeville,2023-01,902
edgeville,2023-02,1317
edgeville,2023-03,1144
edgeville,2023-04,1512
edgeville,2023-05,329
edgeville,2023-06,531
edgeville,2023-07,531
edgeville,2023-08,640
edgeville,2023-09,1356
edgeville,2023-10,599
edgeville,2023-11,617
edgeville,2023-12,418
edgeville,2024-01,620
edgeville,2024-02,644
edgeville,2024-03,864
edgeville,2024-04,619
edgeville,2024-05,565
edgeville,2024-06,867
edgeville,2024-07,690
edgeville,2024-08,551
edgeville,2024-09,643
edgeville,2024-10,409
edgeville,2024-11,419
edgeville,2024-12,192
edgeville,2025-01,242
edgeville,2025-02,533
edgeville,2025-03,801
edgeville,2025-04,530
edgeville,2025-05,423
edgeville,2025-06,430
edgeville,2025-07,174
edgeville,2025-08,285
edgeville,2025-09,595
edgeville,2025-10,754
edgeville,2025-11,1396
edgeville,2025-12,1276
edgeville,2026-01,924
edgeville,2026-02,1302
edgeville,2026-03,658
edgeville,2026-04,400
edgeville,2026-05,769
edgeville,2026-06,1183
edgeville,2026-07,525
events,2020-09,7
events,2020-10,256
events,2020-11,375
events,2020-12,443
events,2021-01,277
events,2021-02,290
events,2021-03,190
events,2021-04,146
events,2021-05,241
events,2021-06,271
events,2021-07,74
events,2021-08,20
events,2021-09,219
events,2021-10,266
events,2021-11,101
events,2021-12,97
events,2022-01,94
events,2022-02,93
events,2022-03,172
events,2022-04,200
events,2022-05,87
events,2022-06,187
events,2022-07,260
events,2022-08,171
events,2022-09,140
events,2022-10,230
events,2022-11,127
events,2022-12,212
events,2023-01,146
events,2023-02,350
events,2023-03,145
events,2023-04,154
events,2023-05,205
events,2023-06,115
events,2023-07,116
events,2023-08,120
events,2023-09,135
events,2023-10,158
events,2023-11,87
events,2023-12,26
events,2024-01,137
events,2024-02,47
events,2024-03,158
events,2024-04,97
events,2024-05,108
events,2024-06,73
events,2024-07,145
events,2024-08,167
events,2024-09,80
events,2024-10,50
events,2024-11,91
events,2024-12,7
events,2025-01,19
events,2025-02,90
events,2025-03,225
events,2025-04,179
events,2025-05,97
events,2025-06,147
events,2025-07,45
events,2025-08,102
events,2025-09,114
events,2025-10,142
events,2025-11,74
events,2025-12,59
events,2026-01,231
events,2026-02,146
events,2026-03,175
events,2026-04,144
events,2026-05,99
events,2026-06,192
events,2026-07,46
fashionscape,2020-10,29
fashionscape,2020-11,62
fashionscape,2020-12,111
fashionscape,2021-01,301
fashionscape,2021-02,120
fashionscape,2021-03,142
fashionscape,2021-04,455
fashionscape,2021-05,184
fashionscape,2021-06,183
fashionscape,2021-07,42
fashionscape,2021-08,13
fashionscape,2021-09,16
fashionscape,2021-10,43
fashionscape,2021-11,19
fashionscape,2021-12,16
fashionscape,2022-01,24
fashionscape,2022-02,35
fashionscape,2022-03,17
fashionscape,2022-04,30
fashionscape,2022-05,30
fashionscape,2022-06,14
fashionscape,2022-07,10
fashionscape,2022-08,3
fashionscape,2022-10,24
fashionscape,2022-12,51
fashionscape,2023-01,36
fashionscape,2023-02,35
fashionscape,2023-03,8
fashionscape,2023-04,65
fashionscape,2023-05,19
fashionscape,2023-06,14
fashionscape,2023-07,12
fashionscape,2023-08,3
fashionscape,2023-09,18
fashionscape,2023-10,34
fashionscape,2023-11,2
fashionscape,2023-12,18
fashionscape,2024-01,7
fashionscape,2024-02,4
fashionscape,2024-03,11
fashionscape,2024-04,6
fashionscape,2024-05,3
fashionscape,2024-06,7
fashionscape,2024-07,4
fashionscape,2024-08,11
fashionscape,2024-10,5
fashionscape,2024-11,1
fashionscape,2024-12,3
fashionscape,2025-01,7
fashionscape,2025-02,14
fashionscape,2025-03,9
fashionscape,2025-04,12
fashionscape,2025-05,11
fashionscape,2025-06,3
fashionscape,2025-08,9
fashionscape,2025-09,1
fashionscape,2025-10,9
fashionscape,2025-11,29
fashionscape,2025-12,8
fashionscape,2026-01,11
fashionscape,2026-02,6
fashionscape,2026-03,42
fashionscape,2026-04,9
fashionscape,2026-05,4
fashionscape,2026-06,29
general,2020-09,258
general,2020-10,2214
general,2020-11,809
general,2020-12,1171
general,2021-01,1051
general,2021-02,1143
general,2021-03,1916
general,2021-04,1585
general,2021-05,1087
general,2021-06,1072
general,2021-07,1004
general,2021-08,753
general,2021-09,1026
general,2021-10,1213
general,2021-11,1257
general,2021-12,1538
general,2022-01,1065
general,2022-02,702
general,2022-03,1217
general,2022-04,319
general,2022-05,674
general,2022-06,744
general,2022-07,641
general,2022-08,637
general,2022-09,540
general,2022-10,795
general,2022-11,888
general,2022-12,813
general,2023-01,758
general,2023-02,987
general,2023-03,1358
general,2023-04,1139
general,2023-05,770
general,2023-06,1068
general,2023-07,770
general,2023-08,627
general,2023-09,881
general,2023-10,1585
general,2023-11,1460
general,2023-12,814
general,2024-01,1235
general,2024-02,614
general,2024-03,682
general,2024-04,837
general,2024-05,1461
general,2024-06,1170
general,2024-07,1161
general,2024-08,739
general,2024-09,690
general,2024-10,643
general,2024-11,746
general,2024-12,349
general,2025-01,544
general,2025-02,521
general,2025-03,536
general,2025-04,698
general,2025-05,586
general,2025-06,1078
general,2025-07,615
general,2025-08,545
general,2025-09,786
general,2025-10,922
general,2025-11,694
general,2025-12,1272
general,2026-01,802
general,2026-02,850
general,2026-03,482
general,2026-04,341
general,2026-05,314
general,2026-06,1019
general,2026-07,663
general-leftist-stuff,2020-09,48
general-leftist-stuff,2020-10,416
general-leftist-stuff,2020-11,148
general-leftist-stuff,2020-12,246
general-leftist-stuff,2021-01,511
general-leftist-stuff,2021-02,373
general-leftist-stuff,2021-03,338
general-leftist-stuff,2021-04,478
general-leftist-stuff,2021-05,400
general-leftist-stuff,2021-06,374
general-leftist-stuff,2021-07,417
general-leftist-stuff,2021-08,230
general-leftist-stuff,2021-09,283
general-leftist-stuff,2021-10,163
general-leftist-stuff,2021-11,184
general-leftist-stuff,2021-12,555
general-leftist-stuff,2022-01,98
general-leftist-stuff,2022-02,214
general-leftist-stuff,2022-03,207
general-leftist-stuff,2022-04,173
general-leftist-stuff,2022-05,243
general-leftist-stuff,2022-06,305
general-leftist-stuff,2022-07,191
general-leftist-stuff,2022-08,99
general-leftist-stuff,2022-09,90
general-leftist-stuff,2022-10,40
general-leftist-stuff,2022-11,120
general-leftist-stuff,2022-12,125
general-leftist-stuff,2023-01,180
general-leftist-stuff,2023-02,627
general-leftist-stuff,2023-03,3175
general-leftist-stuff,2023-04,633
general-leftist-stuff,2023-05,153
general-leftist-stuff,2023-06,207
general-leftist-stuff,2023-07,340
general-leftist-stuff,2023-08,96
general-leftist-stuff,2023-09,100
general-leftist-stuff,2023-10,381
general-leftist-stuff,2023-11,167
general-leftist-stuff,2023-12,66
general-leftist-stuff,2024-01,78
general-leftist-stuff,2024-02,250
general-leftist-stuff,2024-03,74
general-leftist-stuff,2024-04,48
general-leftist-stuff,2024-05,148
general-leftist-stuff,2024-06,195
general-leftist-stuff,2024-07,598
general-leftist-stuff,2024-08,606
general-leftist-stuff,2024-09,194
general-leftist-stuff,2024-10,228
general-leftist-stuff,2024-11,126
general-leftist-stuff,2024-12,335
general-leftist-stuff,2025-01,175
general-leftist-stuff,2025-02,188
general-leftist-stuff,2025-03,121
general-leftist-stuff,2025-04,234
general-leftist-stuff,2025-05,155
general-leftist-stuff,2025-06,1612
general-leftist-stuff,2025-07,156
general-leftist-stuff,2025-08,169
general-leftist-stuff,2025-09,461
general-leftist-stuff,2025-10,299
general-leftist-stuff,2025-11,453
general-leftist-stuff,2025-12,265
general-leftist-stuff,2026-01,1303
general-leftist-stuff,2026-02,196
general-leftist-stuff,2026-03,400
general-leftist-stuff,2026-04,209
general-leftist-stuff,2026-05,102
general-leftist-stuff,2026-06,375
general-leftist-stuff,2026-07,210
good-news,2026-03,61
good-news,2026-04,86
good-news,2026-05,17
good-news,2026-06,33
good-news,2026-07,20
guide-of-blood,2021-02,44
guide-of-blood,2021-06,1
guide-of-blood,2021-10,1
guide-of-blood,2021-11,1
head-pats,2020-12,90
head-pats,2021-01,64
head-pats,2021-02,100
head-pats,2021-03,122
head-pats,2021-04,124
head-pats,2021-05,80
head-pats,2021-06,92
head-pats,2021-07,88
head-pats,2021-08,56
head-pats,2021-09,100
head-pats,2021-10,116
head-pats,2021-11,103
head-pats,2021-12,181
head-pats,2022-01,111
head-pats,2022-02,71
head-pats,2022-03,145
head-pats,2022-04,6
head-pats,2022-05,39
head-pats,2022-06,28
head-pats,2022-07,26
head-pats,2022-08,29
head-pats,2022-09,10
head-pats,2022-10,27
head-pats,2022-11,23
head-pats,2022-12,46
head-pats,2023-01,49
head-pats,2023-02,105
head-pats,2023-03,36
head-pats,2023-04,62
head-pats,2023-05,68
head-pats,2023-06,76
head-pats,2023-07,63
head-pats,2023-08,48
head-pats,2023-09,28
head-pats,2023-10,41
head-pats,2023-11,70
head-pats,2023-12,30
head-pats,2024-01,41
head-pats,2024-02,151
head-pats,2024-03,59
head-pats,2024-04,32
head-pats,2024-05,19
head-pats,2024-06,46
head-pats,2024-07,69
head-pats,2024-08,29
head-pats,2024-09,19
head-pats,2024-10,12
head-pats,2024-11,12
head-pats,2024-12,32
head-pats,2025-01,10
head-pats,2025-02,10
head-pats,2025-03,44
head-pats,2025-04,37
head-pats,2025-05,10
head-pats,2025-06,41
head-pats,2025-07,40
head-pats,2025-08,21
head-pats,2025-09,45
head-pats,2025-10,61
head-pats,2025-11,35
head-pats,2025-12,47
head-pats,2026-01,21
head-pats,2026-02,34
head-pats,2026-03,39
head-pats,2026-04,30
head-pats,2026-05,20
head-pats,2026-06,37
head-pats,2026-07,27
irl-fashionscape,2021-06,22
irl-fashionscape,2021-07,71
irl-fashionscape,2021-08,71
irl-fashionscape,2021-09,107
irl-fashionscape,2021-10,145
irl-fashionscape,2021-11,63
irl-fashionscape,2021-12,191
irl-fashionscape,2022-01,203
irl-fashionscape,2022-02,69
irl-fashionscape,2022-03,67
irl-fashionscape,2022-04,14
irl-fashionscape,2022-05,28
irl-fashionscape,2022-06,25
irl-fashionscape,2022-07,25
irl-fashionscape,2022-08,11
irl-fashionscape,2022-09,9
irl-fashionscape,2022-10,17
irl-fashionscape,2022-11,40
irl-fashionscape,2022-12,52
irl-fashionscape,2023-01,67
irl-fashionscape,2023-02,123
irl-fashionscape,2023-03,46
irl-fashionscape,2023-04,14
irl-fashionscape,2023-05,75
irl-fashionscape,2023-06,28
irl-fashionscape,2023-07,23
irl-fashionscape,2023-08,34
irl-fashionscape,2023-09,25
irl-fashionscape,2023-10,51
irl-fashionscape,2023-11,49
irl-fashionscape,2023-12,20
irl-fashionscape,2024-01,45
irl-fashionscape,2024-02,65
irl-fashionscape,2024-03,45
irl-fashionscape,2024-04,24
irl-fashionscape,2024-05,14
irl-fashionscape,2024-06,7
irl-fashionscape,2024-07,5
irl-fashionscape,2024-08,2
irl-fashionscape,2024-09,6
irl-fashionscape,2024-10,10
irl-fashionscape,2024-11,5
irl-fashionscape,2024-12,13
irl-fashionscape,2025-01,11
irl-fashionscape,2025-02,8
irl-fashionscape,2025-03,29
irl-fashionscape,2025-04,16
irl-fashionscape,2025-05,46
irl-fashionscape,2025-06,17
irl-fashionscape,2025-07,18
irl-fashionscape,2025-08,2
irl-fashionscape,2025-09,17
irl-fashionscape,2025-10,4
irl-fashionscape,2025-12,13
irl-fashionscape,2026-01,3
irl-fashionscape,2026-02,13
irl-fashionscape,2026-03,12
irl-fashionscape,2026-04,15
irl-fashionscape,2026-05,13
irl-fashionscape,2026-06,11
irl-fashionscape,2026-07,2
join-portal,2026-03,66
join-portal,2026-04,58
join-portal,2026-05,47
join-portal,2026-06,32
join-portal,2026-07,16
leftscape-library,2020-12,75
leftscape-library,2021-01,285
leftscape-library,2021-02,116
leftscape-library,2021-03,130
leftscape-library,2021-04,75
leftscape-library,2021-05,68
leftscape-library,2021-06,71
leftscape-library,2021-07,43
leftscape-library,2021-08,26
leftscape-library,2021-09,7
leftscape-library,2021-10,19
leftscape-library,2021-11,30
leftscape-library,2021-12,18
leftscape-library,2022-01,29
leftscape-library,2022-02,13
leftscape-library,2022-03,40
leftscape-library,2022-04,20
leftscape-library,2022-05,56
leftscape-library,2022-06,27
leftscape-library,2022-07,7
leftscape-library,2022-08,1
leftscape-library,2022-09,35
leftscape-library,2022-10,1
leftscape-library,2022-11,3
leftscape-library,2022-12,9
leftscape-library,2023-01,2
leftscape-library,2023-03,16
leftscape-library,2023-04,2
leftscape-library,2023-05,10
leftscape-library,2023-06,3
leftscape-library,2023-07,38
leftscape-library,2023-09,2
leftscape-library,2023-11,2
leftscape-library,2023-12,1
leftscape-library,2024-01,7
leftscape-library,2024-02,2
leftscape-library,2024-03,2
leftscape-library,2024-04,4
leftscape-library,2024-07,11
leftscape-library,2024-08,9
leftscape-library,2024-11,1
leftscape-library,2025-01,40
leftscape-library,2025-05,2
leftscape-library,2025-09,3
leftscape-library,2025-10,1
looking-for-group,2021-06,66
looking-for-group,2021-07,255
looking-for-group,2021-08,119
looking-for-group,2021-09,318
looking-for-group,2021-10,199
looking-for-group,2021-11,359
looking-for-group,2021-12,1004
looking-for-group,2022-01,650
looking-for-group,2022-02,111
looking-for-group,2022-03,212
looking-for-group,2022-04,154
looking-for-group,2022-05,63
looking-for-group,2022-06,195
looking-for-group,2022-07,39
looking-for-group,2022-08,162
looking-for-group,2022-09,34
looking-for-group,2022-10,15
looking-for-group,2022-11,205
looking-for-group,2022-12,239
looking-for-group,2023-01,111
looking-for-group,2023-02,141
looking-for-group,2023-03,144
looking-for-group,2023-04,139
looking-for-group,2023-05,241
looking-for-group,2023-06,83
looking-for-group,2023-07,110
looking-for-group,2023-08,59
looking-for-group,2023-09,77
looking-for-group,2023-10,56
looking-for-group,2023-11,87
looking-for-group,2023-12,134
looking-for-group,2024-01,171
looking-for-group,2024-02,56
looking-for-group,2024-03,157
looking-for-group,2024-04,75
looking-for-group,2024-05,100
looking-for-group,2024-06,102
looking-for-group,2024-07,25
looking-for-group,2024-08,177
looking-for-group,2024-09,29
looking-for-group,2024-10,122
looking-for-group,2024-11,108
looking-for-group,2024-12,62
looking-for-group,2025-01,50
looking-for-group,2025-02,57
looking-for-group,2025-03,223
looking-for-group,2025-04,126
looking-for-group,2025-05,60
looking-for-group,2025-06,54
looking-for-group,2025-07,86
looking-for-group,2025-08,89
looking-for-group,2025-09,82
looking-for-group,2025-10,42
looking-for-group,2025-11,81
looking-for-group,2025-12,176
looking-for-group,2026-01,117
looking-for-group,2026-02,51
looking-for-group,2026-03,133
looking-for-group,2026-04,93
looking-for-group,2026-05,73
looking-for-group,2026-06,95
looking-for-group,2026-07,50
meme-queens,2021-02,487
meme-queens,2021-03,751
meme-queens,2021-04,408
meme-queens,2021-05,491
meme-queens,2021-06,543
meme-queens,2021-07,630
meme-queens,2021-08,275
meme-queens,2021-09,621
meme-queens,2021-10,704
meme-queens,2021-11,730
meme-queens,2021-12,675
meme-queens,2022-01,377
meme-queens,2022-02,345
meme-queens,2022-03,355
meme-queens,2022-04,108
meme-queens,2022-05,91
meme-queens,2022-06,106
meme-queens,2022-07,179
meme-queens,2022-08,97
meme-queens,2022-09,104
meme-queens,2022-10,103
meme-queens,2022-11,93
meme-queens,2022-12,155
meme-queens,2023-01,148
meme-queens,2023-02,507
meme-queens,2023-03,413
meme-queens,2023-04,1893
meme-queens,2023-05,926
meme-queens,2023-06,368
meme-queens,2023-07,318
meme-queens,2023-08,773
meme-queens,2023-09,741
meme-queens,2023-10,358
meme-queens,2023-11,474
meme-queens,2023-12,297
meme-queens,2024-01,2344
meme-queens,2024-02,1395
meme-queens,2024-03,1030
meme-queens,2024-04,1332
meme-queens,2024-05,1089
meme-queens,2024-06,1089
meme-queens,2024-07,1300
meme-queens,2024-08,1065
meme-queens,2024-09,1499
meme-queens,2024-10,1125
meme-queens,2024-11,1410
meme-queens,2024-12,989
meme-queens,2025-01,4113
meme-queens,2025-02,1914
meme-queens,2025-03,1828
meme-queens,2025-04,1747
meme-queens,2025-05,1432
meme-queens,2025-06,1077
meme-queens,2025-07,545
meme-queens,2025-08,653
meme-queens,2025-09,886
meme-queens,2025-10,1910
meme-queens,2025-11,947
meme-queens,2025-12,2495
meme-queens,2026-01,2668
meme-queens,2026-02,1197
meme-queens,2026-03,1313
meme-queens,2026-04,709
meme-queens,2026-05,951
meme-queens,2026-06,498
meme-queens,2026-07,691
mod-guidelines,2022-04,11
mod-reports,2022-02,2
mod-reports,2022-03,1
mod-reports,2022-06,2
mod-reports,2022-09,2
mod-reports,2023-02,1
mod-reports,2023-03,1
mod-reports,2023-09,1
mod-reports,2025-07,1
mod-reports,2026-02,1
music-capes-only,2020-10,99
music-capes-only,2020-11,68
music-capes-only,2020-12,407
music-capes-only,2021-01,496
music-capes-only,2021-02,169
music-capes-only,2021-03,225
music-capes-only,2021-04,345
music-capes-only,2021-05,121
music-capes-only,2021-06,112
music-capes-only,2021-07,134
music-capes-only,2021-08,80
music-capes-only,2021-09,89
music-capes-only,2021-10,141
music-capes-only,2021-11,69
music-capes-only,2021-12,94
music-capes-only,2022-01,91
music-capes-only,2022-02,171
music-capes-only,2022-03,149
music-capes-only,2022-04,89
music-capes-only,2022-05,107
music-capes-only,2022-06,77
music-capes-only,2022-07,82
music-capes-only,2022-08,48
music-capes-only,2022-09,54
music-capes-only,2022-10,90
music-capes-only,2022-11,87
music-capes-only,2022-12,154
music-capes-only,2023-01,404
music-capes-only,2023-02,309
music-capes-only,2023-03,432
music-capes-only,2023-04,238
music-capes-only,2023-05,421
music-capes-only,2023-06,259
music-capes-only,2023-07,227
music-capes-only,2023-08,185
music-capes-only,2023-09,183
music-capes-only,2023-10,171
music-capes-only,2023-11,503
music-capes-only,2023-12,240
music-capes-only,2024-01,181
music-capes-only,2024-02,54
music-capes-only,2024-03,123
music-capes-only,2024-04,143
music-capes-only,2024-05,150
music-capes-only,2024-06,198
music-capes-only,2024-07,238
music-capes-only,2024-08,86
music-capes-only,2024-09,69
music-capes-only,2024-10,156
music-capes-only,2024-11,87
music-capes-only,2024-12,110
music-capes-only,2025-01,36
music-capes-only,2025-02,34
music-capes-only,2025-03,72
music-capes-only,2025-04,144
music-capes-only,2025-05,92
music-capes-only,2025-06,182
music-capes-only,2025-07,176
music-capes-only,2025-08,93
music-capes-only,2025-09,54
music-capes-only,2025-10,70
music-capes-only,2025-11,87
music-capes-only,2025-12,110
music-capes-only,2026-01,61
music-capes-only,2026-02,108
music-capes-only,2026-03,64
music-capes-only,2026-04,141
music-capes-only,2026-05,61
music-capes-only,2026-06,72
music-capes-only,2026-07,17
office-hours,2020-12,277
office-hours,2021-01,1164
office-hours,2021-02,86
office-hours,2021-03,200
office-hours,2021-04,92
office-hours,2021-05,44
office-hours,2021-06,227
office-hours,2021-07,756
office-hours,2021-08,867
office-hours,2021-09,2098
office-hours,2021-10,1631
office-hours,2021-11,815
office-hours,2021-12,157
office-hours,2022-01,13
office-hours,2022-03,11
office-hours,2022-05,2
office-hours,2022-06,17
office-hours,2022-08,4
office-hours,2025-10,4
office-hours,2025-11,1
office-hours,2026-04,3
other-games,2021-01,26
other-games,2021-02,78
other-games,2021-03,207
other-games,2021-04,180
other-games,2021-05,377
other-games,2021-06,149
other-games,2021-07,238
other-games,2021-08,75
other-games,2021-09,65
other-games,2021-10,63
other-games,2021-11,15
other-games,2021-12,66
other-games,2022-01,62
other-games,2022-02,98
other-games,2022-03,105
other-games,2022-04,44
other-games,2022-05,50
other-games,2022-06,7
other-games,2022-07,2
other-games,2022-08,7
other-games,2022-10,30
other-games,2022-11,14
other-games,2022-12,44
other-games,2023-01,50
other-games,2023-02,47
other-games,2023-03,142
other-games,2023-04,24
other-games,2023-05,133
other-games,2023-06,45
other-games,2023-07,48
other-games,2023-08,94
other-games,2023-09,55
other-games,2023-10,62
other-games,2023-11,64
other-games,2023-12,82
other-games,2024-01,710
other-games,2024-02,360
other-games,2024-03,333
other-games,2024-04,63
other-games,2024-05,175
other-games,2024-06,127
other-games,2024-07,241
other-games,2024-08,168
other-games,2024-09,201
other-games,2024-10,113
other-games,2024-11,69
other-games,2024-12,136
other-games,2025-01,48
other-games,2025-02,55
other-games,2025-03,101
other-games,2025-04,131
other-games,2025-05,62
other-games,2025-06,113
other-games,2025-07,73
other-games,2025-08,63
other-games,2025-09,220
other-games,2025-10,272
other-games,2025-11,93
other-games,2025-12,230
other-games,2026-01,74
other-games,2026-02,57
other-games,2026-03,156
other-games,2026-04,80
other-games,2026-05,135
other-games,2026-06,126
other-games,2026-07,70
our-hobbies,2022-08,47
our-hobbies,2022-09,205
our-hobbies,2022-10,23
our-hobbies,2022-11,7
our-hobbies,2022-12,71
our-hobbies,2023-01,89
our-hobbies,2023-02,26
our-hobbies,2023-03,26
our-hobbies,2023-04,20
our-hobbies,2023-05,48
our-hobbies,2023-06,68
our-hobbies,2023-07,54
our-hobbies,2023-08,30
our-hobbies,2023-09,25
our-hobbies,2023-10,12
our-hobbies,2023-11,3
our-hobbies,2023-12,17
our-hobbies,2024-01,70
our-hobbies,2024-02,46
our-hobbies,2024-03,77
our-hobbies,2024-04,22
our-hobbies,2024-05,32
our-hobbies,2024-06,52
our-hobbies,2024-07,13
our-hobbies,2024-08,20
our-hobbies,2024-09,21
our-hobbies,2024-10,30
our-hobbies,2024-11,6
our-hobbies,2024-12,30
our-hobbies,2025-03,233
our-hobbies,2025-04,80
our-hobbies,2025-05,18
our-hobbies,2025-06,15
our-hobbies,2025-07,34
our-hobbies,2025-08,45
our-hobbies,2025-09,31
our-hobbies,2025-10,68
our-hobbies,2025-11,173
our-hobbies,2025-12,96
our-hobbies,2026-01,78
our-hobbies,2026-02,13
our-hobbies,2026-03,59
our-hobbies,2026-04,154
our-hobbies,2026-05,14
our-hobbies,2026-06,49
our-hobbies,2026-07,32
pking,2021-01,11
pking,2021-02,17
pking,2021-03,162
pking,2021-04,343
pking,2021-05,37
pking,2021-06,9
pking,2021-07,90
pking,2021-08,200
pking,2021-09,269
pking,2021-10,186
pking,2021-11,301
pking,2021-12,384
pking,2022-01,366
pking,2022-02,89
pking,2022-03,29
pking,2022-04,4
pking,2022-06,1
pking,2022-07,1
pking,2022-09,10
pking,2022-10,18
pking,2022-11,6
pking,2022-12,40
pking,2023-01,92
pking,2023-03,15
pking,2023-04,7
pking,2023-05,3
pking,2023-06,20
pking,2023-07,16
pking,2023-08,6
pking,2023-09,4
pking,2023-10,7
pking,2023-11,3
pking,2023-12,7
pking,2024-02,1
pking,2024-03,2
pking,2024-04,32
pking,2024-05,19
pking,2024-06,241
pking,2024-07,55
pking,2024-08,32
pking,2024-09,8
pking,2024-11,2
pking,2025-01,3
pking,2025-05,6
pking-multi,2023-04,3
pking-multi,2023-10,3
pking-multi,2024-08,38
pking-multi,2024-09,1
pokemon-go-to-the-polls,2024-08,67
pokemon-go-to-the-polls,2024-09,178
pokemon-go-to-the-polls,2024-10,78
pokemon-go-to-the-polls,2024-11,407
qpw-repository,2021-07,14
qpw-repository,2021-08,18
qpw-repository,2021-09,39
qpw-repository,2021-10,24
qpw-repository,2021-11,8
qpw-repository,2021-12,12
qpw-repository,2022-01,1
qpw-repository,2022-02,3
qpw-repository,2022-03,5
qpw-repository,2022-04,1
qpw-repository,2022-05,3
qpw-repository,2022-06,6
qpw-repository,2022-07,7
qpw-repository,2022-08,1
qpw-repository,2022-09,2
qpw-repository,2023-02,14
qpw-repository,2023-03,28
qpw-repository,2023-04,11
qpw-repository,2023-05,1
qpw-repository,2023-07,5
qpw-repository,2023-09,2
qpw-repository,2023-10,7
qpw-repository,2023-11,1
qpw-repository,2023-12,7
qpw-repository,2024-01,8
qpw-repository,2024-02,2
qpw-repository,2024-03,1
qpw-repository,2024-04,3
qpw-repository,2024-05,1
qpw-repository,2024-08,1
qpw-repository,2024-11,1
qpw-repository,2024-12,2
qpw-repository,2025-03,2
qpw-repository,2025-07,1
qpw-repository,2025-09,2
qpw-repository,2026-01,9
qpw-repository,2026-04,2
raids-records,2020-12,2
raids-records,2021-02,4
raids-records,2021-03,32
raids-records,2021-04,158
raids-records,2021-05,85
raids-records,2021-06,41
raids-records,2021-07,2
raids-records,2021-08,33
raids-records,2021-09,2
raids-records,2021-10,9
raids-records,2021-11,6
raids-records,2022-06,6
raids-records,2025-09,4
seasonal-modes,2020-10,109
seasonal-modes,2020-11,470
seasonal-modes,2020-12,204
seasonal-modes,2021-01,53
seasonal-modes,2021-06,2
seasonal-modes,2021-08,219
seasonal-modes,2021-09,27
seasonal-modes,2021-10,64
seasonal-modes,2021-12,4
seasonal-modes,2022-01,166
seasonal-modes,2022-02,325
seasonal-modes,2022-03,106
seasonal-modes,2022-04,3
seasonal-modes,2023-08,145
seasonal-modes,2023-09,9
seasonal-modes,2023-10,106
seasonal-modes,2023-11,1756
seasonal-modes,2023-12,341
seasonal-modes,2024-01,63
seasonal-modes,2024-06,102
seasonal-modes,2024-07,46
seasonal-modes,2024-08,5
seasonal-modes,2024-10,44
seasonal-modes,2024-11,1315
seasonal-modes,2024-12,190
seasonal-modes,2025-01,33
seasonal-modes,2025-10,466
seasonal-modes,2025-11,8
seasonal-modes,2026-01,15
seasonal-modes,2026-02,265
seasonal-modes,2026-03,182
seasonal-modes,2026-04,1937
seasonal-modes,2026-05,135
seasonal-modes,2026-06,8
skill-of-the-week,2022-06,4
skill-of-the-week,2023-03,7
skill-of-the-week,2025-01,2
spec-comparisons,2021-09,160
sports-isolation-zone,2022-02,92
sports-isolation-zone,2022-03,36
sports-isolation-zone,2022-04,36
sports-isolation-zone,2022-05,292
sports-isolation-zone,2022-06,21
sports-isolation-zone,2022-07,36
sports-isolation-zone,2022-08,88
sports-isolation-zone,2022-09,80
sports-isolation-zone,2022-10,118
sports-isolation-zone,2022-11,183
sports-isolation-zone,2022-12,83
sports-isolation-zone,2023-01,128
sports-isolation-zone,2023-02,148
sports-isolation-zone,2023-03,150
sports-isolation-zone,2023-04,172
sports-isolation-zone,2023-05,167
sports-isolation-zone,2023-06,33
sports-isolation-zone,2023-07,65
sports-isolation-zone,2023-08,94
sports-isolation-zone,2023-09,90
sports-isolation-zone,2023-10,74
sports-isolation-zone,2023-11,81
sports-isolation-zone,2023-12,55
sports-isolation-zone,2024-01,100
sports-isolation-zone,2024-02,51
sports-isolation-zone,2024-03,28
sports-isolation-zone,2024-04,43
sports-isolation-zone,2024-05,41
sports-isolation-zone,2024-06,64
sports-isolation-zone,2024-07,49
sports-isolation-zone,2024-08,66
sports-isolation-zone,2024-09,62
sports-isolation-zone,2024-10,62
sports-isolation-zone,2024-11,71
sports-isolation-zone,2024-12,66
sports-isolation-zone,2025-01,67
sports-isolation-zone,2025-02,97
sports-isolation-zone,2025-03,44
sports-isolation-zone,2025-04,45
sports-isolation-zone,2025-05,41
sports-isolation-zone,2025-06,91
sports-isolation-zone,2025-07,14
sports-isolation-zone,2025-08,59
sports-isolation-zone,2025-09,140
sports-isolation-zone,2025-10,100
sports-isolation-zone,2025-11,139
sports-isolation-zone,2025-12,101
sports-isolation-zone,2026-01,68
sports-isolation-zone,2026-02,91
sports-isolation-zone,2026-03,157
sports-isolation-zone,2026-04,132
sports-isolation-zone,2026-05,129
sports-isolation-zone,2026-06,437
sports-isolation-zone,2026-07,1255
suggestions,2020-10,62
suggestions,2020-12,79
suggestions,2021-01,30
suggestions,2021-02,75
suggestions,2021-03,48
suggestions,2021-04,55
suggestions,2021-05,60
suggestions,2021-06,90
suggestions,2021-07,63
suggestions,2021-08,160
suggestions,2021-09,73
suggestions,2021-10,202
suggestions,2021-11,47
suggestions,2021-12,148
suggestions,2022-01,53
suggestions,2022-02,24
suggestions,2022-03,64
suggestions,2022-05,33
suggestions,2022-07,28
suggestions,2022-09,2
suggestions,2022-10,8
suggestions,2022-11,14
suggestions,2022-12,11
suggestions,2023-01,19
suggestions,2023-02,25
suggestions,2023-03,28
suggestions,2023-04,48
suggestions,2023-05,17
suggestions,2023-06,1
suggestions,2023-07,11
suggestions,2023-08,13
suggestions,2023-10,5
suggestions,2023-11,3
suggestions,2023-12,2
suggestions,2024-01,68
suggestions,2024-02,2
suggestions,2024-04,21
suggestions,2024-05,7
suggestions,2024-06,1
suggestions,2024-07,10
suggestions,2024-08,7
suggestions,2024-09,1
suggestions,2024-10,17
suggestions,2024-11,7
suggestions,2024-12,4
suggestions,2025-01,61
suggestions,2025-02,160
suggestions,2025-05,301
suggestions,2025-06,32
suggestions,2025-07,3
suggestions,2025-08,15
suggestions,2025-09,34
suggestions,2025-10,82
suggestions,2025-11,75
suggestions,2025-12,214
suggestions,2026-01,62
suggestions,2026-02,155
suggestions,2026-03,392
suggestions,2026-04,102
suggestions,2026-05,40
suggestions,2026-06,146
suggestions,2026-07,140
summeringo,2023-07,60
summeringo-proof,2023-07,453
text-for-vc,2021-10,527
text-for-vc,2021-11,1766
text-for-vc,2021-12,2125
text-for-vc,2022-01,1166
text-for-vc,2022-02,489
text-for-vc,2022-03,383
text-for-vc,2022-04,40
text-for-vc,2022-05,60
text-for-vc,2022-06,110
text-for-vc,2022-07,35
text-for-vc,2022-08,74
text-for-vc,2022-09,112
text-for-vc,2022-10,270
text-for-vc,2022-11,290
text-for-vc,2022-12,88
text-for-vc,2023-01,66
text-for-vc,2023-02,105
text-for-vc,2023-03,86
text-for-vc,2023-04,72
text-for-vc,2023-05,114
text-for-vc,2023-06,95
text-for-vc,2023-07,23
text-for-vc,2023-08,34
text-for-vc,2023-09,55
text-for-vc,2023-10,501
text-for-vc,2023-11,298
text-for-vc,2023-12,578
text-for-vc,2024-01,645
text-for-vc,2024-02,384
text-for-vc,2024-03,565
text-for-vc,2024-04,743
text-for-vc,2024-05,375
text-for-vc,2024-06,562
text-for-vc,2024-07,350
text-for-vc,2024-08,420
text-for-vc,2024-09,261
text-for-vc,2024-10,364
text-for-vc,2024-11,322
text-for-vc,2024-12,230
text-for-vc,2025-01,278
text-for-vc,2025-02,461
text-for-vc,2025-03,292
text-for-vc,2025-04,239
text-for-vc,2025-05,172
text-for-vc,2025-06,215
text-for-vc,2025-07,169
text-for-vc,2025-08,164
text-for-vc,2025-09,623
text-for-vc,2025-10,340
text-for-vc,2025-11,199
text-for-vc,2025-12,266
text-for-vc,2026-01,199
text-for-vc,2026-02,176
text-for-vc,2026-03,308
text-for-vc,2026-04,142
text-for-vc,2026-05,132
text-for-vc,2026-06,204
text-for-vc,2026-07,45
town-hall,2020-11,23
town-hall,2020-12,178
town-hall,2021-01,80
town-hall,2021-02,178
town-hall,2021-03,105
town-hall,2021-04,22
town-hall,2021-05,300
town-hall,2021-06,41
town-hall,2021-07,4
town-hall,2021-08,11
town-hall,2021-09,27
town-hall,2021-10,120
town-hall,2021-11,44
town-hall,2021-12,186
town-hall,2022-01,318
town-hall,2022-02,31
town-hall,2022-03,86
town-hall,2022-04,28
town-hall,2022-05,32
town-hall,2022-06,116
town-hall,2022-08,22
town-hall,2022-09,15
town-hall,2022-10,89
town-hall,2022-11,312
town-hall,2022-12,142
town-hall,2023-01,12
town-hall,2023-02,14
town-hall,2023-03,189
town-hall,2023-04,144
town-hall,2023-05,29
town-hall,2023-06,146
town-hall,2023-07,107
town-hall,2023-08,7
town-hall,2023-09,642
town-hall,2023-10,13
town-hall,2023-11,29
town-hall,2023-12,31
town-hall,2024-01,76
town-hall,2024-02,2
town-hall,2024-03,5
town-hall,2024-04,1
town-hall,2024-05,15
town-hall,2024-06,67
town-hall,2024-07,6
town-hall,2024-09,19
town-hall,2024-10,17
town-hall,2024-11,5
town-hall,2024-12,3
town-hall,2025-01,6
town-hall,2025-02,104
town-hall,2025-03,443
town-hall,2025-04,354
town-hall,2025-05,4
town-hall,2025-06,135
town-hall,2025-07,58
town-hall,2025-08,13
town-hall,2025-10,12
town-hall,2025-11,1
town-hall,2025-12,49
town-hall,2026-01,4
town-hall,2026-02,3
town-hall,2026-03,73
town-hall,2026-04,66
town-hall,2026-05,1
town-hall,2026-06,1
town-hall,2026-07,9
trade-chat,2024-12,27
trade-chat,2025-01,11
trade-chat,2025-02,3
trade-chat,2025-03,2
trade-chat,2025-05,4
usernames,2021-01,59
usernames,2021-02,134
usernames,2021-03,139
usernames,2021-04,168
usernames,2021-05,91
usernames,2021-06,101
usernames,2021-07,128
usernames,2021-08,130
usernames,2021-09,236
usernames,2021-10,308
usernames,2021-11,278
usernames,2021-12,190
usernames,2022-01,122
usernames,2022-02,52
usernames,2022-03,63
usernames,2022-04,49
usernames,2022-05,62
usernames,2022-06,71
usernames,2022-07,53
usernames,2022-08,67
usernames,2022-09,69
usernames,2022-10,74
usernames,2022-11,60
usernames,2022-12,57
usernames,2023-01,125
usernames,2023-02,106
usernames,2023-03,183
usernames,2023-04,85
usernames,2023-05,44
usernames,2023-06,41
usernames,2023-07,47
usernames,2023-08,46
usernames,2023-09,48
usernames,2023-10,44
usernames,2023-11,65
usernames,2023-12,51
usernames,2024-01,31
usernames,2024-02,59
usernames,2024-03,44
usernames,2024-04,22
usernames,2024-05,9
usernames,2024-06,51
usernames,2024-07,32
usernames,2024-08,18
usernames,2024-09,16
usernames,2024-10,18
usernames,2024-11,20
usernames,2024-12,47
usernames,2025-01,45
usernames,2025-02,31
usernames,2025-03,31
usernames,2025-04,39
usernames,2025-05,36
usernames,2025-06,50
usernames,2025-07,60
usernames,2025-08,44
usernames,2025-09,39
usernames,2025-10,69
usernames,2025-11,73
usernames,2025-12,58
usernames,2026-01,69
usernames,2026-02,57
usernames,2026-03,82
usernames,2026-04,49
usernames,2026-05,33
usernames,2026-06,18
usernames,2026-07,31
vc_greatest_hits,2021-07,71
vc_greatest_hits,2021-08,10
vc_greatest_hits,2021-09,18
vc_greatest_hits,2021-10,20
vc_greatest_hits,2021-11,17
vc_greatest_hits,2021-12,11
vc_greatest_hits,2022-01,41
vc_greatest_hits,2022-02,6
vc_greatest_hits,2022-03,4
vc_greatest_hits,2022-04,2
vc_greatest_hits,2022-06,6
vc_greatest_hits,2022-07,2
vc_greatest_hits,2022-10,2
vc_greatest_hits,2023-04,3
vc_greatest_hits,2023-05,1
vc_greatest_hits,2023-06,1
vc_greatest_hits,2023-07,4
vc_greatest_hits,2023-10,2
vc_greatest_hits,2026-02,9
vc_greatest_hits,2026-03,3
vc_greatest_hits,2026-04,2
vc_greatest_hits,2026-07,1
welcome,2022-01,5
