parent_channel,year_month,avg_gap_hours,gap_count
28slotcommie,2021-02,0.06,2
28slotcommie,2021-03,1328.07,1
28slotcommie,2021-04,5.93,24
28slotcommie,2021-05,13.62,54
28slotcommie,2021-06,28.14,26
28slotcommie,2021-07,111.86,6
28slotcommie,2021-08,863.75,1
28slotcommie,2021-09,70.85,9
28slotcommie,2023-12,38830.26,1
28slotcommie,2026-03,1.2,12
28slotcommie,2026-04,1988.11,1
achievements,2020-10,3.19,211
achievements,2020-11,14.5,47
achievements,2020-12,8.22,90
achievements,2021-01,2.82,264
achievements,2021-02,4.95,136
achievements,2021-03,2.69,277
achievements,2021-04,3.44,209
achievements,2021-05,2.05,361
achievements,2021-06,2.3,318
achievements,2021-07,1.88,393
achievements,2021-08,2.39,310
achievements,2021-09,1.92,377
achievements,2021-10,1.88,397
achievements,2021-11,1.77,405
achievements,2021-12,2.63,282
achievements,2022-01,1.86,406
achievements,2022-02,6.11,112
achievements,2022-03,3.36,215
achievements,2022-04,8.03,103
achievements,2022-05,5.69,113
achievements,2022-06,10.18,70
achievements,2022-07,13.56,55
achievements,2022-08,6.66,112
achievements,2022-09,8.68,83
achievements,2022-10,6.63,112
achievements,2022-11,9.55,78
achievements,2022-12,5.16,139
achievements,2023-01,4.23,176
achievements,2023-02,4.96,130
achievements,2023-03,5.12,153
achievements,2023-04,3.08,228
achievements,2023-05,6.19,121
achievements,2023-06,4.81,149
achievements,2023-07,7.98,94
achievements,2023-08,7.29,103
achievements,2023-09,8.8,81
achievements,2023-10,6.47,111
achievements,2023-11,5.7,131
achievements,2023-12,11.46,64
achievements,2024-01,6.08,124
achievements,2024-02,11.22,62
achievements,2024-03,6.02,127
achievements,2024-04,4.78,149
achievements,2024-05,9.39,79
achievements,2024-06,4.57,155
achievements,2024-07,7.24,104
achievements,2024-08,3.48,213
achievements,2024-09,8.25,90
achievements,2024-10,11.38,63
achievements,2024-11,5.79,124
achievements,2024-12,25.4,28
achievements,2025-01,19.41,40
achievements,2025-02,8.86,76
achievements,2025-03,5.0,148
achievements,2025-04,7.29,99
achievements,2025-05,6.18,121
achievements,2025-06,10.78,68
achievements,2025-07,7.8,94
achievements,2025-08,6.93,110
achievements,2025-09,9.1,77
achievements,2025-10,8.07,93
achievements,2025-11,3.48,204
achievements,2025-12,4.58,163
achievements,2026-01,5.96,125
achievements,2026-02,6.12,110
achievements,2026-03,5.93,125
achievements,2026-04,11.28,64
achievements,2026-05,8.61,84
achievements,2026-06,8.41,86
achievements,2026-07,6.92,57
advice,2020-10,3.16,15
advice,2020-11,1443.7,1
advice,2020-12,82.47,7
advice,2021-01,69.87,10
advice,2021-02,24.29,34
advice,2021-03,7.15,87
advice,2021-04,22.24,47
advice,2021-05,39.1,13
advice,2021-06,5.4,129
advice,2021-07,1.82,282
advice,2021-08,212.96,5
advice,2021-09,6.64,102
advice,2021-10,6.1,114
advice,2021-11,5.07,133
advice,2021-12,6.04,134
advice,2022-01,8.45,88
advice,2022-02,46.63,14
advice,2022-03,47.24,10
advice,2022-04,329.01,2
advice,2022-05,118.17,8
advice,2022-06,159.58,5
advice,2022-07,47.52,17
advice,2022-08,18.21,43
advice,2022-09,38.35,18
advice,2022-10,13.2,55
advice,2022-11,37.63,9
advice,2022-12,71.82,16
advice,2023-01,8.18,88
advice,2023-02,16.59,22
advice,2023-03,12.87,78
advice,2023-04,22.08,34
advice,2023-05,21.28,31
advice,2023-06,16.12,61
advice,2023-07,2.83,195
advice,2023-08,848.11,1
advice,2023-09,4.17,148
advice,2023-10,6.04,108
advice,2023-12,1684.64,1
advice,2024-01,23.06,28
advice,2024-02,4.62,145
advice,2024-03,18.16,41
advice,2024-04,32.57,25
advice,2024-05,13.34,47
advice,2024-06,7.02,109
advice,2024-07,48.1,22
advice,2024-08,0.55,27
advice,2024-09,1347.77,1
advice,2024-10,9.8,32
advice,2024-11,4.97,163
advice,2024-12,1659.75,1
advice,2025-02,2.52,248
advice,2025-03,2.01,372
advice,2025-04,4.16,156
advice,2025-05,13.28,57
advice,2025-06,47.48,17
advice,2025-07,14.87,53
advice,2025-08,7.29,92
advice,2025-09,2.14,331
advice,2025-10,9.41,95
advice,2025-11,8.08,59
advice,2025-12,5.75,155
advice,2026-01,2.93,254
advice,2026-02,9.66,65
advice,2026-03,9.04,84
advice,2026-04,13.67,48
advice,2026-05,9.1,89
advice,2026-06,10.82,65
advice,2026-07,4.79,69
announcements,2023-04,201.31,3
announcements,2023-05,9.54,74
announcements,2023-06,138.83,6
announcements,2023-07,27.5,27
announcements,2023-08,229.7,2
announcements,2023-09,60.33,8
announcements,2023-11,2945.63,1
announcements,2024-01,0.06,8
announcements,2024-02,1842.42,1
announcements,2024-03,26.12,1
announcements,2024-04,20.59,25
announcements,2024-05,467.67,2
announcements,2024-06,1072.63,1
announcements,2024-07,202.07,2
announcements,2024-08,363.86,2
announcements,2024-09,765.81,1
announcements,2024-10,105.94,7
announcements,2024-11,245.22,3
announcements,2024-12,267.43,2
announcements,2025-01,1649.25,1
announcements,2025-03,45.62,13
announcements,2025-04,1623.01,1
announcements,2025-06,1148.88,1
announcements,2025-09,2311.0,1
announcements,2025-10,0.11,2
announcements,2025-11,184.08,3
announcements,2025-12,151.08,7
announcements,2026-01,11.97,28
announcements,2026-02,1971.66,1
announcements,2026-04,373.64,1
announcements,2026-05,1847.65,1
announcements,2026-07,0.44,9
barrows-sisters,2023-10,6.38,94
barrows-sisters,2023-11,4.1,163
barrows-sisters,2023-12,14.53,45
barrows-sisters,2024-01,351.71,3
barrows-sisters,2024-02,19.17,30
barrows-sisters,2024-03,10.76,65
barrows-sisters,2024-04,5.98,120
barrows-sisters,2024-05,3.83,188
barrows-sisters,2024-06,2.85,287
barrows-sisters,2024-07,12.86,50
barrows-sisters,2024-08,38.55,21
barrows-sisters,2024-09,33.54,23
barrows-sisters,2024-10,21.28,35
barrows-sisters,2024-11,46.1,16
barrows-sisters,2024-12,252.2,2
barrows-sisters,2025-01,31.95,27
barrows-sisters,2025-02,50.45,13
barrows-sisters,2025-03,23.34,31
barrows-sisters,2025-04,10.46,60
barrows-sisters,2025-05,583.46,1
barrows-sisters,2025-06,1624.12,1
barrows-sisters,2025-08,169.82,4
barrows-sisters,2025-09,338.25,2
barrows-sisters,2025-10,41.69,24
barrows-sisters,2025-11,6.69,114
barrows-sisters,2025-12,37.03,19
barrows-sisters,2026-01,9.45,81
barrows-sisters,2026-02,21.97,31
barrows-sisters,2026-03,51.81,7
barrows-sisters,2026-04,1115.04,1
barrows-sisters,2026-05,129.27,6
barrows-sisters,2026-06,60.64,11
barrows-sisters,2026-07,49.27,7
bossing-text-channel,2020-10,10.96,64
bossing-text-channel,2020-11,19.79,41
bossing-text-channel,2020-12,1.27,530
bossing-text-channel,2021-01,15.58,45
bossing-text-channel,2021-02,6.43,101
bossing-text-channel,2021-03,4.66,164
bossing-text-channel,2021-04,3.63,191
bossing-text-channel,2021-05,10.02,77
bossing-text-channel,2021-06,5.56,128
bossing-text-channel,2021-07,36.05,21
bossing-text-channel,2021-08,6.29,118
bossing-text-channel,2021-09,11.58,64
bossing-text-channel,2021-10,11.89,79
bossing-text-channel,2021-11,26.54,10
bossing-text-channel,2021-12,44.57,21
bossing-text-channel,2022-01,9.1,26
bossing-text-channel,2022-02,49.48,23
bossing-text-channel,2022-03,536.16,1
bossing-text-channel,2022-05,2350.22,1
bossing-text-channel,2022-07,68.66,13
bossing-text-channel,2022-08,14.31,10
bossing-text-channel,2022-09,1612.86,1
bossing-text-channel,2022-10,0.91,15
bossing-text-channel,2022-11,54.78,19
bossing-text-channel,2022-12,78.5,11
bot-commands,2026-04,2.31,237
bot-commands,2026-05,173.06,4
bot-commands,2026-06,35.86,22
bot-commands,2026-07,23.82,13
clan-charter,2026-04,0.01,2
content-recs,2020-10,12.88,40
content-recs,2020-11,26.37,28
content-recs,2020-12,24.83,30
content-recs,2021-01,14.36,53
content-recs,2021-02,2.23,317
content-recs,2021-03,5.17,134
content-recs,2021-04,12.5,58
content-recs,2021-05,2.57,287
content-recs,2021-06,4.3,172
content-recs,2021-07,11.41,56
content-recs,2021-08,93.02,9
content-recs,2021-09,15.88,42
content-recs,2021-10,21.44,37
content-recs,2021-11,38.11,20
content-recs,2021-12,24.08,29
content-recs,2022-01,14.96,54
content-recs,2022-02,7.52,84
content-recs,2022-03,23.21,28
content-recs,2022-04,773.77,1
content-recs,2022-05,114.11,6
content-recs,2022-06,484.42,2
content-recs,2022-07,25.02,25
content-recs,2022-08,42.72,18
content-recs,2022-09,11.25,55
content-recs,2022-10,58.51,14
content-recs,2022-11,28.22,23
content-recs,2022-12,131.27,6
content-recs,2023-01,61.76,12
content-recs,2023-02,16.03,40
content-recs,2023-03,19.24,40
content-recs,2023-04,1.74,435
content-recs,2023-05,53.84,19
content-recs,2023-06,0.05,4
content-recs,2023-07,38.55,25
content-recs,2023-08,32.51,26
content-recs,2023-09,28.83,28
content-recs,2023-10,33.17,19
content-recs,2023-11,14.72,60
content-recs,2023-12,11.45,79
content-recs,2024-01,35.22,12
content-recs,2024-02,886.32,1
content-recs,2024-03,21.75,27
content-recs,2024-05,2308.05,1
content-recs,2024-07,253.17,2
content-recs,2024-08,21.44,47
content-recs,2024-09,18.37,33
content-recs,2024-10,108.64,6
content-recs,2024-11,54.14,12
content-recs,2024-12,308.72,2
content-recs,2025-01,57.15,13
content-recs,2025-02,47.69,21
content-recs,2025-03,26.27,27
content-recs,2025-04,82.42,9
content-recs,2025-05,48.56,16
content-recs,2025-06,35.65,19
content-recs,2025-07,32.56,23
content-recs,2025-08,29.42,26
content-recs,2025-09,13.97,50
content-recs,2025-10,6.46,119
content-recs,2025-11,18.88,38
content-recs,2025-12,7.6,96
content-recs,2026-01,5.11,145
content-recs,2026-02,65.39,11
content-recs,2026-03,31.69,21
content-recs,2026-04,20.97,36
content-recs,2026-05,17.16,44
content-recs,2026-06,11.93,59
content-recs,2026-07,39.23,6
cooking-guild,2021-04,18.94,28
cooking-guild,2021-05,33.84,32
cooking-guild,2021-06,11.88,26
cooking-guild,2021-07,25.8,36
cooking-guild,2021-08,19.34,24
cooking-guild,2021-09,49.34,18
cooking-guild,2021-10,12.58,61
cooking-guild,2021-11,35.89,20
cooking-guild,2021-12,8.49,82
cooking-guild,2022-01,10.13,73
cooking-guild,2022-02,24.16,31
cooking-guild,2022-03,9.98,55
cooking-guild,2022-04,171.63,5
cooking-guild,2022-05,46.67,16
cooking-guild,2022-06,11.43,63
cooking-guild,2022-07,42.93,17
cooking-guild,2022-08,79.03,9
cooking-guild,2022-09,164.33,5
cooking-guild,2022-10,37.05,16
cooking-guild,2022-11,18.36,37
cooking-guild,2022-12,103.67,8
cooking-guild,2023-01,53.59,14
cooking-guild,2023-02,3.16,233
cooking-guild,2023-03,3.26,218
cooking-guild,2023-04,6.67,109
cooking-guild,2023-05,15.78,51
cooking-guild,2023-06,4.87,136
cooking-guild,2023-07,9.37,85
cooking-guild,2023-08,13.13,52
cooking-guild,2023-09,17.26,44
cooking-guild,2023-10,5.97,121
cooking-guild,2023-11,3.6,226
cooking-guild,2023-12,5.31,121
cooking-guild,2024-01,7.73,97
cooking-guild,2024-02,9.51,70
cooking-guild,2024-03,8.09,98
cooking-guild,2024-04,26.69,27
cooking-guild,2024-05,19.35,39
cooking-guild,2024-06,6.86,100
cooking-guild,2024-07,16.21,51
cooking-guild,2024-08,18.67,36
cooking-guild,2024-09,14.63,47
cooking-guild,2024-10,51.52,18
cooking-guild,2024-11,20.57,32
cooking-guild,2024-12,47.64,11
cooking-guild,2025-01,242.58,5
cooking-guild,2025-02,159.51,3
cooking-guild,2025-03,54.91,13
cooking-guild,2025-04,38.01,20
cooking-guild,2025-05,101.61,6
cooking-guild,2025-06,55.43,9
cooking-guild,2025-07,111.34,8
cooking-guild,2025-08,13.42,59
cooking-guild,2025-09,15.34,46
cooking-guild,2025-10,20.95,37
cooking-guild,2025-11,12.33,55
cooking-guild,2025-12,20.46,41
cooking-guild,2026-01,8.5,73
cooking-guild,2026-02,10.7,68
cooking-guild,2026-03,7.03,101
cooking-guild,2026-04,17.27,43
cooking-guild,2026-05,33.72,21
cooking-guild,2026-06,26.44,30
cooking-guild,2026-07,3.18,6
cox-resources,2021-06,26.2,12
cox-resources,2021-07,0.01,2
cox-resources,2021-08,1613.53,1
cox-resources,2021-09,624.45,1
cox-resources,2021-10,287.4,2
cursed-liberal-content,2020-10,3.04,134
cursed-liberal-content,2020-11,5.4,138
cursed-liberal-content,2020-12,6.27,118
cursed-liberal-content,2021-01,0.75,960
cursed-liberal-content,2021-02,1.03,686
cursed-liberal-content,2021-03,3.09,236
cursed-liberal-content,2021-04,1.55,485
cursed-liberal-content,2021-05,2.2,335
cursed-liberal-content,2021-06,1.64,439
cursed-liberal-content,2021-07,2.43,302
cursed-liberal-content,2021-08,2.85,250
cursed-liberal-content,2021-09,1.99,385
cursed-liberal-content,2021-10,2.34,311
cursed-liberal-content,2021-11,4.0,179
cursed-liberal-content,2021-12,3.04,245
cursed-liberal-content,2022-01,3.9,199
cursed-liberal-content,2022-02,2.43,263
cursed-liberal-content,2022-03,2.74,260
cursed-liberal-content,2022-04,6.67,113
cursed-liberal-content,2022-05,3.01,252
cursed-liberal-content,2022-06,3.17,222
cursed-liberal-content,2022-07,5.12,151
cursed-liberal-content,2022-08,6.41,111
cursed-liberal-content,2022-09,6.15,117
cursed-liberal-content,2022-10,5.23,142
cursed-liberal-content,2022-11,5.24,138
cursed-liberal-content,2022-12,4.47,164
cursed-liberal-content,2023-01,4.26,172
cursed-liberal-content,2023-02,1.4,499
cursed-liberal-content,2023-03,1.81,410
cursed-liberal-content,2023-04,2.88,252
cursed-liberal-content,2023-05,3.04,243
cursed-liberal-content,2023-06,2.38,306
cursed-liberal-content,2023-07,2.59,282
cursed-liberal-content,2023-08,4.05,182
cursed-liberal-content,2023-09,3.03,242
cursed-liberal-content,2023-10,2.87,264
cursed-liberal-content,2023-11,3.08,222
cursed-liberal-content,2023-12,4.83,157
cursed-liberal-content,2024-01,3.89,192
cursed-liberal-content,2024-02,6.49,108
cursed-liberal-content,2024-03,1.77,422
cursed-liberal-content,2024-04,3.91,182
cursed-liberal-content,2024-05,5.48,135
cursed-liberal-content,2024-06,6.58,125
cursed-liberal-content,2024-07,4.08,158
cursed-liberal-content,2024-08,8.97,81
cursed-liberal-content,2024-09,5.59,133
cursed-liberal-content,2024-10,6.46,115
cursed-liberal-content,2024-11,6.66,113
cursed-liberal-content,2024-12,3.0,237
cursed-liberal-content,2025-01,4.38,169
cursed-liberal-content,2025-02,9.13,75
cursed-liberal-content,2025-03,6.93,109
cursed-liberal-content,2025-04,3.54,197
cursed-liberal-content,2025-05,11.77,73
cursed-liberal-content,2025-06,1.82,336
cursed-liberal-content,2025-07,1.8,413
cursed-liberal-content,2025-08,6.88,110
cursed-liberal-content,2025-09,3.44,204
cursed-liberal-content,2025-10,1.49,502
cursed-liberal-content,2025-11,1.93,361
cursed-liberal-content,2025-12,0.93,822
cursed-liberal-content,2026-01,1.63,458
cursed-liberal-content,2026-02,3.53,189
cursed-liberal-content,2026-03,5.45,136
cursed-liberal-content,2026-04,10.45,72
cursed-liberal-content,2026-05,10.11,73
cursed-liberal-content,2026-06,6.54,107
cursed-liberal-content,2026-07,2.22,171
dank-tank,2021-01,6.75,103
dank-tank,2021-02,18.84,34
dank-tank,2021-03,8.89,87
dank-tank,2021-04,4.93,156
dank-tank,2021-05,20.92,36
dank-tank,2021-06,16.4,40
dank-tank,2021-07,16.08,46
dank-tank,2021-08,40.15,18
dank-tank,2021-09,11.33,62
dank-tank,2021-10,28.02,34
dank-tank,2021-11,26.39,20
dank-tank,2021-12,28.32,30
dank-tank,2022-01,14.5,59
dank-tank,2022-02,27.85,17
dank-tank,2022-03,14.58,61
dank-tank,2022-04,48.43,12
dank-tank,2022-05,159.41,5
dank-tank,2022-06,21.7,17
dank-tank,2022-07,106.34,10
dank-tank,2022-08,25.71,20
dank-tank,2022-09,324.64,3
dank-tank,2022-10,52.62,12
dank-tank,2022-11,41.89,22
dank-tank,2022-12,48.85,13
dank-tank,2023-01,5.34,131
dank-tank,2023-02,8.8,82
dank-tank,2023-03,11.0,72
dank-tank,2023-04,10.45,60
dank-tank,2023-05,41.23,19
dank-tank,2023-06,40.41,19
dank-tank,2023-07,34.88,16
dank-tank,2023-08,263.15,4
dank-tank,2023-09,29.13,19
dank-tank,2023-10,65.39,11
dank-tank,2023-11,21.88,30
dank-tank,2023-12,36.98,20
dank-tank,2024-01,82.72,11
dank-tank,2024-02,159.78,4
dank-tank,2024-03,385.49,2
dank-tank,2024-04,11.68,44
dank-tank,2024-05,1103.97,1
dank-tank,2024-06,42.12,13
dank-tank,2024-07,109.06,7
dank-tank,2024-08,35.13,20
dank-tank,2024-09,216.74,3
dank-tank,2024-10,49.03,18
dank-tank,2024-11,53.32,5
dank-tank,2024-12,1826.39,1
dank-tank,2025-01,9.88,2
dank-tank,2025-02,43.48,16
dank-tank,2025-03,45.18,16
dank-tank,2025-04,55.69,12
dank-tank,2025-05,27.65,31
dank-tank,2025-06,170.76,3
dank-tank,2025-07,303.97,3
dank-tank,2025-08,180.66,4
dank-tank,2025-09,85.89,10
dank-tank,2025-10,37.56,18
dank-tank,2025-11,7.09,89
dank-tank,2025-12,78.27,10
dank-tank,2026-01,22.18,31
dank-tank,2026-02,602.09,2
dank-tank,2026-03,27.08,17
dank-tank,2026-04,15.96,33
dank-tank,2026-05,20.66,36
dank-tank,2026-06,77.03,9
dank-tank,2026-07,28.42,11
edgeville,2020-09,7.06,7
edgeville,2020-10,1.57,526
edgeville,2020-11,8.47,85
edgeville,2020-12,2.34,316
edgeville,2021-01,1.66,450
edgeville,2021-02,1.23,547
edgeville,2021-03,1.34,548
edgeville,2021-04,1.11,649
edgeville,2021-05,2.03,374
edgeville,2021-06,0.72,995
edgeville,2021-07,0.66,1126
edgeville,2021-08,0.9,824
edgeville,2021-09,0.66,1095
edgeville,2021-10,0.57,1307
edgeville,2021-11,0.9,793
edgeville,2021-12,0.73,1031
edgeville,2022-01,1.69,436
edgeville,2022-02,2.32,291
edgeville,2022-03,2.01,370
edgeville,2022-04,3.08,234
edgeville,2022-05,3.07,248
edgeville,2022-06,2.35,297
edgeville,2022-07,3.15,237
edgeville,2022-08,4.15,185
edgeville,2022-09,2.14,327
edgeville,2022-10,1.27,579
edgeville,2022-11,1.26,573
edgeville,2022-12,1.54,479
edgeville,2023-01,0.83,903
edgeville,2023-02,0.51,1317
edgeville,2023-03,0.64,1143
edgeville,2023-04,0.48,1512
edgeville,2023-05,2.26,329
edgeville,2023-06,1.36,532
edgeville,2023-07,1.39,530
edgeville,2023-08,1.18,641
edgeville,2023-09,0.53,1356
edgeville,2023-10,1.24,599
edgeville,2023-11,1.16,617
edgeville,2023-12,1.72,417
edgeville,2024-01,1.24,621
edgeville,2024-02,1.08,644
edgeville,2024-03,0.8,863
edgeville,2024-04,1.24,620
edgeville,2024-05,1.33,565
edgeville,2024-06,0.82,866
edgeville,2024-07,1.1,691
edgeville,2024-08,1.37,551
edgeville,2024-09,1.1,643
edgeville,2024-10,1.81,409
edgeville,2024-11,1.71,419
edgeville,2024-12,3.97,192
edgeville,2025-01,3.01,242
edgeville,2025-02,1.26,533
edgeville,2025-03,0.93,801
edgeville,2025-04,1.34,529
edgeville,2025-05,1.76,423
edgeville,2025-06,1.7,431
edgeville,2025-07,4.25,173
edgeville,2025-08,2.63,286
edgeville,2025-09,1.21,594
edgeville,2025-10,0.98,754
edgeville,2025-11,0.52,1396
edgeville,2025-12,0.58,1276
edgeville,2026-01,0.81,925
edgeville,2026-02,0.52,1301
edgeville,2026-03,1.14,659
edgeville,2026-04,1.79,399
edgeville,2026-05,0.97,769
edgeville,2026-06,0.61,1183
edgeville,2026-07,0.73,525
events,2020-09,1.89,6
events,2020-10,3.14,256
events,2020-11,1.91,375
events,2020-12,1.67,443
events,2021-01,2.73,278
events,2021-02,2.31,289
events,2021-03,4.03,191
events,2021-04,4.81,145
events,2021-05,3.12,242
events,2021-06,2.75,271
events,2021-07,9.63,73
events,2021-08,36.35,21
events,2021-09,3.22,218
events,2021-10,2.69,266
events,2021-11,7.15,101
events,2021-12,6.7,97
events,2022-01,9.12,94
events,2022-02,7.29,93
events,2022-03,4.33,173
events,2022-04,3.59,200
events,2022-05,8.26,86
events,2022-06,3.98,187
events,2022-07,2.88,261
events,2022-08,4.35,171
events,2022-09,5.25,140
events,2022-10,3.14,229
events,2022-11,5.72,127
events,2022-12,3.51,212
events,2023-01,5.1,146
events,2023-02,1.92,350
events,2023-03,5.14,145
events,2023-04,4.67,155
events,2023-05,3.55,204
events,2023-06,6.49,116
events,2023-07,6.43,116
events,2023-08,6.18,120
events,2023-09,5.22,134
events,2023-10,4.7,158
events,2023-11,8.52,88
events,2023-12,32.28,26
events,2024-01,4.42,136
events,2024-02,15.46,48
events,2024-03,4.59,157
events,2024-04,7.13,97
events,2024-05,7.06,108
events,2024-06,9.99,73
events,2024-07,4.99,145
events,2024-08,4.56,167
events,2024-09,9.03,81
events,2024-10,15.24,50
events,2024-11,7.64,91
events,2024-12,114.01,7
events,2025-01,38.29,18
events,2025-02,7.48,91
events,2025-03,3.28,225
events,2025-04,3.95,178
events,2025-05,7.6,97
events,2025-06,5.02,148
events,2025-07,17.0,45
events,2025-08,7.1,102
events,2025-09,6.51,114
events,2025-10,5.08,141
events,2025-11,9.69,75
events,2025-12,12.42,58
events,2026-01,3.31,232
events,2026-02,4.61,145
events,2026-03,4.0,175
events,2026-04,5.3,144
events,2026-05,7.47,100
events,2026-06,3.64,191
events,2026-07,8.54,46
fashionscape,2020-10,23.38,28
fashionscape,2020-11,11.53,63
fashionscape,2020-12,6.7,110
fashionscape,2021-01,2.47,301
fashionscape,2021-02,5.6,120
fashionscape,2021-03,5.24,143
fashionscape,2021-04,1.59,455
fashionscape,2021-05,4.02,183
fashionscape,2021-06,3.95,184
fashionscape,2021-07,21.58,42
fashionscape,2021-08,48.04,12
fashionscape,2021-09,42.7,17
fashionscape,2021-10,13.98,42
fashionscape,2021-11,48.16,20
fashionscape,2021-12,42.03,15
fashionscape,2022-01,30.91,24
fashionscape,2022-02,19.41,36
fashionscape,2022-03,46.28,16
fashionscape,2022-04,20.86,30
fashionscape,2022-05,27.07,30
fashionscape,2022-06,32.91,14
fashionscape,2022-07,102.99,10
fashionscape,2022-08,135.24,3
fashionscape,2022-09,1202.49,1
fashionscape,2022-10,25.12,23
fashionscape,2022-11,942.44,1
fashionscape,2022-12,10.68,51
fashionscape,2023-01,20.66,36
fashionscape,2023-02,18.42,34
fashionscape,2023-03,90.57,9
fashionscape,2023-04,11.41,65
fashionscape,2023-05,36.6,18
fashionscape,2023-06,52.59,14
fashionscape,2023-07,52.17,12
fashionscape,2023-08,291.94,3
fashionscape,2023-09,39.19,18
fashionscape,2023-10,21.01,34
fashionscape,2023-11,278.29,3
fashionscape,2023-12,26.34,17
fashionscape,2024-01,133.19,7
fashionscape,2024-02,180.18,4
fashionscape,2024-03,60.48,11
fashionscape,2024-04,135.04,6
fashionscape,2024-05,240.86,3
fashionscape,2024-06,123.58,8
fashionscape,2024-07,169.96,4
fashionscape,2024-08,53.28,10
fashionscape,2024-09,990.16,1
fashionscape,2024-10,140.38,5
fashionscape,2024-11,700.38,1
fashionscape,2024-12,238.06,2
fashionscape,2025-01,108.49,8
fashionscape,2025-02,47.26,14
fashionscape,2025-03,83.87,8
fashionscape,2025-04,39.9,12
fashionscape,2025-05,81.15,11
fashionscape,2025-06,279.76,3
fashionscape,2025-07,925.76,1
fashionscape,2025-08,64.99,8
fashionscape,2025-09,449.46,2
fashionscape,2025-10,74.93,8
fashionscape,2025-11,29.3,30
fashionscape,2025-12,79.25,8
fashionscape,2026-01,69.5,11
fashionscape,2026-02,111.53,6
fashionscape,2026-03,15.05,41
fashionscape,2026-04,71.9,9
fashionscape,2026-05,179.3,4
fashionscape,2026-06,28.28,29
general,2020-09,2.37,258
general,2020-10,0.34,2214
general,2020-11,0.87,809
general,2020-12,0.64,1170
general,2021-01,0.71,1051
general,2021-02,0.59,1144
general,2021-03,0.39,1915
general,2021-04,0.45,1585
general,2021-05,0.69,1088
general,2021-06,0.67,1071
general,2021-07,0.74,1005
general,2021-08,0.99,752
general,2021-09,0.7,1027
general,2021-10,0.61,1213
general,2021-11,0.57,1256
general,2021-12,0.48,1539
general,2022-01,0.7,1065
general,2022-02,0.95,701
general,2022-03,0.61,1217
general,2022-04,2.26,319
general,2022-05,1.1,674
general,2022-06,0.97,744
general,2022-07,1.16,642
general,2022-08,1.17,637
general,2022-09,1.33,539
general,2022-10,0.94,795
general,2022-11,0.81,888
general,2022-12,0.92,814
general,2023-01,0.98,758
general,2023-02,0.68,987
general,2023-03,0.55,1358
general,2023-04,0.63,1138
general,2023-05,0.97,771
general,2023-06,0.67,1067
general,2023-07,0.97,770
general,2023-08,1.19,628
general,2023-09,0.81,880
general,2023-10,0.47,1585
general,2023-11,0.49,1461
general,2023-12,0.91,814
general,2024-01,0.6,1234
general,2024-02,1.13,614
general,2024-03,1.1,682
general,2024-04,0.86,837
general,2024-05,0.51,1461
general,2024-06,0.62,1170
general,2024-07,0.65,1162
general,2024-08,1.0,739
general,2024-09,1.04,690
general,2024-10,1.16,642
general,2024-11,0.97,747
general,2024-12,2.12,349
general,2025-01,1.37,543
general,2025-02,1.29,521
general,2025-03,1.39,536
general,2025-04,1.04,699
general,2025-05,1.27,586
general,2025-06,0.66,1077
general,2025-07,1.21,616
general,2025-08,1.36,544
general,2025-09,0.92,786
general,2025-10,0.81,922
general,2025-11,1.04,695
general,2025-12,0.58,1272
general,2026-01,0.93,802
general,2026-02,0.8,850
general,2026-03,1.53,481
general,2026-04,2.12,342
general,2026-05,2.37,313
general,2026-06,0.71,1020
general,2026-07,0.58,662
general-leftist-stuff,2020-09,1.59,47
general-leftist-stuff,2020-10,1.79,416
general-leftist-stuff,2020-11,4.83,148
general-leftist-stuff,2020-12,3.06,247
general-leftist-stuff,2021-01,1.44,510
general-leftist-stuff,2021-02,1.8,373
general-leftist-stuff,2021-03,2.21,338
general-leftist-stuff,2021-04,1.49,478
general-leftist-stuff,2021-05,1.92,401
general-leftist-stuff,2021-06,1.89,373
general-leftist-stuff,2021-07,1.81,418
general-leftist-stuff,2021-08,3.08,229
general-leftist-stuff,2021-09,2.62,284
general-leftist-stuff,2021-10,4.56,162
general-leftist-stuff,2021-11,3.85,184
general-leftist-stuff,2021-12,1.37,555
general-leftist-stuff,2022-01,7.77,99
general-leftist-stuff,2022-02,2.99,213
general-leftist-stuff,2022-03,3.38,207
general-leftist-stuff,2022-04,4.54,174
general-leftist-stuff,2022-05,3.01,242
general-leftist-stuff,2022-06,2.36,306
general-leftist-stuff,2022-07,3.89,190
general-leftist-stuff,2022-08,7.48,100
general-leftist-stuff,2022-09,7.21,89
general-leftist-stuff,2022-10,20.54,40
general-leftist-stuff,2022-11,6.12,121
general-leftist-stuff,2022-12,5.6,124
general-leftist-stuff,2023-01,4.03,180
general-leftist-stuff,2023-02,1.15,627
general-leftist-stuff,2023-03,0.23,3175
general-leftist-stuff,2023-04,1.14,634
general-leftist-stuff,2023-05,4.85,152
general-leftist-stuff,2023-06,3.54,208
general-leftist-stuff,2023-07,2.2,340
general-leftist-stuff,2023-08,8.8,96
general-leftist-stuff,2023-09,5.81,99
general-leftist-stuff,2023-10,1.94,381
general-leftist-stuff,2023-11,4.44,167
general-leftist-stuff,2023-12,11.33,66
general-leftist-stuff,2024-01,9.65,78
general-leftist-stuff,2024-02,2.85,251
general-leftist-stuff,2024-03,9.58,73
general-leftist-stuff,2024-04,15.48,49
general-leftist-stuff,2024-05,4.93,147
general-leftist-stuff,2024-06,3.75,196
general-leftist-stuff,2024-07,1.24,598
general-leftist-stuff,2024-08,1.23,606
general-leftist-stuff,2024-09,3.77,194
general-leftist-stuff,2024-10,3.12,227
general-leftist-stuff,2024-11,5.89,126
general-leftist-stuff,2024-12,2.21,335
general-leftist-stuff,2025-01,4.26,175
general-leftist-stuff,2025-02,3.57,188
general-leftist-stuff,2025-03,6.12,122
general-leftist-stuff,2025-04,3.12,234
general-leftist-stuff,2025-05,4.42,154
general-leftist-stuff,2025-06,0.48,1612
general-leftist-stuff,2025-07,4.71,156
general-leftist-stuff,2025-08,4.39,169
general-leftist-stuff,2025-09,1.61,462
general-leftist-stuff,2025-10,2.49,299
general-leftist-stuff,2025-11,1.51,452
general-leftist-stuff,2025-12,2.89,265
general-leftist-stuff,2026-01,0.57,1303
general-leftist-stuff,2026-02,3.54,197
general-leftist-stuff,2026-03,1.81,400
general-leftist-stuff,2026-04,3.43,208
general-leftist-stuff,2026-05,7.5,103
general-leftist-stuff,2026-06,1.86,375
general-leftist-stuff,2026-07,1.8,209
good-news,2026-03,4.86,60
good-news,2026-04,8.59,87
good-news,2026-05,38.77,16
good-news,2026-06,24.21,34
good-news,2026-07,18.7,19
guide-of-blood,2021-02,0.45,43
guide-of-blood,2021-04,2687.57,1
guide-of-blood,2021-08,2975.43,1
guide-of-blood,2021-11,1231.96,1
head-pats,2020-12,4.9,90
head-pats,2021-01,11.78,63
head-pats,2021-02,6.79,101
head-pats,2021-03,5.96,121
head-pats,2021-04,5.85,124
head-pats,2021-05,9.09,80
head-pats,2021-06,8.02,92
head-pats,2021-07,8.23,88
head-pats,2021-08,13.51,57
head-pats,2021-09,7.18,100
head-pats,2021-10,6.5,116
head-pats,2021-11,7.01,103
head-pats,2021-12,4.05,181
head-pats,2022-01,6.9,111
head-pats,2022-02,9.63,71
head-pats,2022-03,4.57,144
head-pats,2022-04,114.43,7
head-pats,2022-05,17.37,38
head-pats,2022-06,27.47,29
head-pats,2022-07,28.38,26
head-pats,2022-08,22.45,28
head-pats,2022-09,84.55,11
head-pats,2022-10,24.27,26
head-pats,2022-11,32.08,24
head-pats,2022-12,15.48,46
head-pats,2023-01,14.86,49
head-pats,2023-02,6.17,104
head-pats,2023-03,21.26,37
head-pats,2023-04,11.56,61
head-pats,2023-05,11.12,69
head-pats,2023-06,8.72,75
head-pats,2023-07,12.49,63
head-pats,2023-08,15.46,48
head-pats,2023-09,25.55,28
head-pats,2023-10,17.55,41
head-pats,2023-11,10.58,71
head-pats,2023-12,24.95,30
head-pats,2024-01,18.47,40
head-pats,2024-02,4.57,151
head-pats,2024-03,12.51,60
head-pats,2024-04,22.55,32
head-pats,2024-05,39.75,19
head-pats,2024-06,15.56,45
head-pats,2024-07,11.06,70
head-pats,2024-08,25.44,29
head-pats,2024-09,37.52,18
head-pats,2024-10,62.61,13
head-pats,2024-11,62.34,12
head-pats,2024-12,21.65,31
head-pats,2025-01,68.03,11
head-pats,2025-02,73.32,9
head-pats,2025-03,17.85,45
head-pats,2025-04,17.9,36
head-pats,2025-05,74.74,10
head-pats,2025-06,17.33,41
head-pats,2025-07,19.73,41
head-pats,2025-08,33.89,20
head-pats,2025-09,16.46,46
head-pats,2025-10,12.27,60
head-pats,2025-11,20.6,35
head-pats,2025-12,15.37,47
head-pats,2026-01,34.97,21
head-pats,2026-02,20.66,34
head-pats,2026-03,19.15,39
head-pats,2026-04,23.97,31
head-pats,2026-05,37.31,20
head-pats,2026-06,19.26,36
head-pats,2026-07,14.12,27
irl-fashionscape,2021-06,0.93,21
irl-fashionscape,2021-07,10.13,71
irl-fashionscape,2021-08,9.49,71
irl-fashionscape,2021-09,7.43,107
irl-fashionscape,2021-10,5.14,145
irl-fashionscape,2021-11,11.9,64
irl-fashionscape,2021-12,3.69,190
irl-fashionscape,2022-01,3.43,203
irl-fashionscape,2022-02,10.74,69
irl-fashionscape,2022-03,11.0,68
irl-fashionscape,2022-04,52.05,14
irl-fashionscape,2022-05,27.21,27
irl-fashionscape,2022-06,28.6,25
irl-fashionscape,2022-07,31.89,26
irl-fashionscape,2022-08,61.28,10
irl-fashionscape,2022-09,82.79,9
irl-fashionscape,2022-10,42.89,18
irl-fashionscape,2022-11,18.09,39
irl-fashionscape,2022-12,15.69,53
irl-fashionscape,2023-01,10.05,66
irl-fashionscape,2023-02,5.81,124
irl-fashionscape,2023-03,14.46,45
irl-fashionscape,2023-04,52.33,15
irl-fashionscape,2023-05,8.6,74
irl-fashionscape,2023-06,28.92,29
irl-fashionscape,2023-07,29.08,22
irl-fashionscape,2023-08,23.05,34
irl-fashionscape,2023-09,29.6,25
irl-fashionscape,2023-10,14.92,51
irl-fashionscape,2023-11,14.34,49
irl-fashionscape,2023-12,37.35,21
irl-fashionscape,2024-01,14.56,44
irl-fashionscape,2024-02,11.96,65
irl-fashionscape,2024-03,16.21,46
irl-fashionscape,2024-04,30.75,24
irl-fashionscape,2024-05,51.78,14
irl-fashionscape,2024-06,118.1,7
irl-fashionscape,2024-07,152.51,5
irl-fashionscape,2024-08,367.61,2
irl-fashionscape,2024-09,108.77,5
irl-fashionscape,2024-10,74.77,11
irl-fashionscape,2024-11,153.19,5
irl-fashionscape,2024-12,44.16,12
irl-fashionscape,2025-01,74.83,12
irl-fashionscape,2025-02,94.11,7
irl-fashionscape,2025-03,28.11,30
irl-fashionscape,2025-04,40.92,16
irl-fashionscape,2025-05,16.58,46
irl-fashionscape,2025-06,42.15,17
irl-fashionscape,2025-07,39.54,17
irl-fashionscape,2025-08,304.45,3
irl-fashionscape,2025-09,41.97,17
irl-fashionscape,2025-10,104.14,3
irl-fashionscape,2025-11,1117.72,1
irl-fashionscape,2025-12,41.88,12
irl-fashionscape,2026-01,294.76,3
irl-fashionscape,2026-02,51.85,13
irl-fashionscape,2026-03,61.02,13
irl-fashionscape,2026-04,38.33,14
irl-fashionscape,2026-05,63.27,14
irl-fashionscape,2026-06,88.1,11
irl-fashionscape,2026-07,5.24,1
join-portal,2026-03,10.46,66
join-portal,2026-04,12.47,58
join-portal,2026-05,14.84,46
join-portal,2026-06,23.57,33
join-portal,2026-07,22.21,15
leftscape-library,2020-12,1.55,75
leftscape-library,2021-01,2.61,285
leftscape-library,2021-02,5.56,115
leftscape-library,2021-03,5.92,131
leftscape-library,2021-04,9.32,74
leftscape-library,2021-05,12.42,69
leftscape-library,2021-06,9.01,70
leftscape-library,2021-07,16.44,43
leftscape-library,2021-08,30.03,26
leftscape-library,2021-09,92.26,7
leftscape-library,2021-10,50.92,20
leftscape-library,2021-11,17.31,29
leftscape-library,2021-12,50.05,19
leftscape-library,2022-01,20.0,29
leftscape-library,2022-02,55.32,13
leftscape-library,2022-03,11.63,39
leftscape-library,2022-04,38.67,20
leftscape-library,2022-05,15.36,56
leftscape-library,2022-06,24.87,27
leftscape-library,2022-07,110.67,8
leftscape-library,2022-08,788.53,1
leftscape-library,2022-09,17.9,34
leftscape-library,2022-10,482.6,2
leftscape-library,2022-11,242.9,3
leftscape-library,2022-12,83.55,9
leftscape-library,2023-01,242.08,1
leftscape-library,2023-02,1367.78,1
leftscape-library,2023-03,27.67,16
leftscape-library,2023-04,468.04,2
leftscape-library,2023-05,24.99,9
leftscape-library,2023-06,249.75,4
leftscape-library,2023-07,13.9,37
leftscape-library,2023-08,1036.17,1
leftscape-library,2023-09,0.2,1
leftscape-library,2023-10,1645.16,1
leftscape-library,2023-11,176.66,1
leftscape-library,2023-12,591.17,2
leftscape-library,2024-01,45.54,6
leftscape-library,2024-02,437.93,2
leftscape-library,2024-03,363.54,3
leftscape-library,2024-04,44.34,3
leftscape-library,2024-06,2393.76,1
leftscape-library,2024-07,12.82,10
leftscape-library,2024-08,46.05,9
leftscape-library,2024-09,1937.45,1
leftscape-library,2024-12,1582.43,1
leftscape-library,2025-01,11.1,39
leftscape-library,2025-03,2529.12,1
leftscape-library,2025-05,63.44,1
leftscape-library,2025-07,3213.0,1
leftscape-library,2025-09,3.03,2
leftscape-library,2025-10,561.96,1
looking-for-group,2021-06,4.4,65
looking-for-group,2021-07,2.91,255
looking-for-group,2021-08,6.4,120
looking-for-group,2021-09,2.27,318
looking-for-group,2021-10,3.85,199
looking-for-group,2021-11,1.94,359
looking-for-group,2021-12,0.74,1003
looking-for-group,2022-01,1.15,650
looking-for-group,2022-02,5.48,111
looking-for-group,2022-03,4.34,213
looking-for-group,2022-04,3.6,153
looking-for-group,2022-05,12.67,63
looking-for-group,2022-06,3.67,195
looking-for-group,2022-07,17.96,39
looking-for-group,2022-08,4.85,162
looking-for-group,2022-09,20.63,34
looking-for-group,2022-10,50.93,15
looking-for-group,2022-11,3.48,205
looking-for-group,2022-12,3.16,240
looking-for-group,2023-01,6.73,111
looking-for-group,2023-02,4.77,141
looking-for-group,2023-03,5.14,143
looking-for-group,2023-04,5.18,139
looking-for-group,2023-05,3.15,242
looking-for-group,2023-06,8.57,82
looking-for-group,2023-07,7.09,111
looking-for-group,2023-08,12.08,59
looking-for-group,2023-09,9.24,77
looking-for-group,2023-10,14.04,56
looking-for-group,2023-11,7.79,86
looking-for-group,2023-12,5.73,135
looking-for-group,2024-01,4.11,170
looking-for-group,2024-02,12.9,57
looking-for-group,2024-03,4.27,156
looking-for-group,2024-04,10.45,76
looking-for-group,2024-05,7.73,100
looking-for-group,2024-06,6.65,102
looking-for-group,2024-07,30.71,24
looking-for-group,2024-08,4.21,177
looking-for-group,2024-09,23.91,29
looking-for-group,2024-10,6.1,122
looking-for-group,2024-11,6.86,109
looking-for-group,2024-12,12.11,61
looking-for-group,2025-01,14.89,50
looking-for-group,2025-02,11.82,57
looking-for-group,2025-03,3.34,223
looking-for-group,2025-04,5.84,127
looking-for-group,2025-05,12.22,59
looking-for-group,2025-06,13.56,55
looking-for-group,2025-07,8.61,86
looking-for-group,2025-08,8.24,88
looking-for-group,2025-09,8.41,82
looking-for-group,2025-10,16.27,42
looking-for-group,2025-11,9.91,82
looking-for-group,2025-12,4.24,175
looking-for-group,2026-01,6.35,118
looking-for-group,2026-02,13.1,51
looking-for-group,2026-03,5.74,133
looking-for-group,2026-04,7.53,92
looking-for-group,2026-05,10.05,73
looking-for-group,2026-06,7.55,95
looking-for-group,2026-07,7.65,50
media,2025-12,0.92,384
media,2026-01,11.08,67
media,2026-02,5.2,136
media,2026-03,14.0,54
media,2026-04,21.93,34
media,2026-05,13.32,49
media,2026-06,15.16,44
media,2026-07,30.62,14
meme-queens,2021-02,1.37,486
meme-queens,2021-03,0.99,752
meme-queens,2021-04,1.76,408
meme-queens,2021-05,1.52,491
meme-queens,2021-06,1.33,542
meme-queens,2021-07,1.19,631
meme-queens,2021-08,2.69,274
meme-queens,2021-09,1.16,622
meme-queens,2021-10,1.06,703
meme-queens,2021-11,0.99,731
meme-queens,2021-12,1.1,675
meme-queens,2022-01,1.97,376
meme-queens,2022-02,1.95,345
meme-queens,2022-03,2.08,355
meme-queens,2022-04,6.66,109
meme-queens,2022-05,8.19,91
meme-queens,2022-06,6.82,105
meme-queens,2022-07,4.14,179
meme-queens,2022-08,7.56,97
meme-queens,2022-09,7.26,105
meme-queens,2022-10,7.02,102
meme-queens,2022-11,7.59,93
meme-queens,2022-12,4.88,155
meme-queens,2023-01,5.02,148
meme-queens,2023-02,1.33,508
meme-queens,2023-03,1.81,413
meme-queens,2023-04,0.38,1892
meme-queens,2023-05,0.8,927
meme-queens,2023-06,1.98,368
meme-queens,2023-07,2.32,317
meme-queens,2023-08,0.96,774
meme-queens,2023-09,0.97,741
meme-queens,2023-10,2.08,357
meme-queens,2023-11,1.52,475
meme-queens,2023-12,2.5,296
meme-queens,2024-01,0.32,2344
meme-queens,2024-02,0.5,1395
meme-queens,2024-03,0.72,1030
meme-queens,2024-04,0.54,1333
meme-queens,2024-05,0.68,1089
meme-queens,2024-06,0.66,1089
meme-queens,2024-07,0.57,1300
meme-queens,2024-08,0.7,1064
meme-queens,2024-09,0.48,1499
meme-queens,2024-10,0.66,1126
meme-queens,2024-11,0.51,1409
meme-queens,2024-12,0.75,989
meme-queens,2025-01,0.18,4113
meme-queens,2025-02,0.35,1914
meme-queens,2025-03,0.41,1828
meme-queens,2025-04,0.41,1747
meme-queens,2025-05,0.52,1432
meme-queens,2025-06,0.67,1078
meme-queens,2025-07,1.37,544
meme-queens,2025-08,1.14,653
meme-queens,2025-09,0.81,886
meme-queens,2025-10,0.39,1910
meme-queens,2025-11,0.76,947
meme-queens,2025-12,0.3,2496
meme-queens,2026-01,0.28,2667
meme-queens,2026-02,0.56,1197
meme-queens,2026-03,0.57,1313
meme-queens,2026-04,1.01,710
meme-queens,2026-05,0.78,950
meme-queens,2026-06,1.45,499
meme-queens,2026-07,0.55,690
mod-guidelines,2022-04,0.01,10
mod-reports,2022-02,288.89,2
mod-reports,2022-05,2604.98,1
mod-reports,2022-06,50.47,1
mod-reports,2022-08,1766.19,1
mod-reports,2022-09,125.04,1
mod-reports,2022-12,3969.95,1
mod-reports,2023-03,487.32,1
mod-reports,2023-06,4116.45,1
mod-reports,2024-08,15966.56,1
mod-reports,2025-10,5095.63,1
music-capes-only,2020-10,2.04,99
music-capes-only,2020-11,10.64,67
music-capes-only,2020-12,1.83,407
music-capes-only,2021-01,1.5,496
music-capes-only,2021-02,3.86,169
music-capes-only,2021-03,3.39,226
music-capes-only,2021-04,2.07,344
music-capes-only,2021-05,6.13,121
music-capes-only,2021-06,6.48,113
music-capes-only,2021-07,5.53,133
music-capes-only,2021-08,9.44,81
music-capes-only,2021-09,7.91,88
music-capes-only,2021-10,5.3,142
music-capes-only,2021-11,10.21,68
music-capes-only,2021-12,8.15,94
music-capes-only,2022-01,8.14,91
music-capes-only,2022-02,4.02,172
music-capes-only,2022-03,4.9,148
music-capes-only,2022-04,8.07,90
music-capes-only,2022-05,6.95,107
music-capes-only,2022-06,9.31,76
music-capes-only,2022-07,9.18,82
music-capes-only,2022-08,15.2,48
music-capes-only,2022-09,13.53,54
music-capes-only,2022-10,8.29,90
music-capes-only,2022-11,8.32,87
music-capes-only,2022-12,4.82,155
music-capes-only,2023-01,1.83,403
music-capes-only,2023-02,2.16,309
music-capes-only,2023-03,1.74,433
music-capes-only,2023-04,3.03,238
music-capes-only,2023-05,1.76,420
music-capes-only,2023-06,2.85,260
music-capes-only,2023-07,3.2,226
music-capes-only,2023-08,4.08,186
music-capes-only,2023-09,3.92,183
music-capes-only,2023-10,4.32,170
music-capes-only,2023-11,1.43,504
music-capes-only,2023-12,3.1,239
music-capes-only,2024-01,4.1,181
music-capes-only,2024-02,12.71,55
music-capes-only,2024-03,6.19,123
music-capes-only,2024-04,4.89,142
music-capes-only,2024-05,4.98,150
music-capes-only,2024-06,3.63,198
music-capes-only,2024-07,3.12,238
music-capes-only,2024-08,8.55,86
music-capes-only,2024-09,10.59,69
music-capes-only,2024-10,4.77,156
music-capes-only,2024-11,8.23,87
music-capes-only,2024-12,7.02,111
music-capes-only,2025-01,20.52,35
music-capes-only,2025-02,18.36,34
music-capes-only,2025-03,10.88,73
music-capes-only,2025-04,4.94,143
music-capes-only,2025-05,8.16,93
music-capes-only,2025-06,3.96,182
music-capes-only,2025-07,4.23,175
music-capes-only,2025-08,8.04,94
music-capes-only,2025-09,13.31,53
music-capes-only,2025-10,10.59,71
music-capes-only,2025-11,8.42,87
music-capes-only,2025-12,6.76,110
music-capes-only,2026-01,11.74,60
music-capes-only,2026-02,6.31,108
music-capes-only,2026-03,11.82,64
music-capes-only,2026-04,5.13,142
music-capes-only,2026-05,12.15,61
music-capes-only,2026-06,9.96,72
music-capes-only,2026-07,19.45,16
office-hours,2020-12,0.35,276
office-hours,2021-01,0.64,1165
office-hours,2021-02,7.86,85
office-hours,2021-03,3.85,201
office-hours,2021-04,7.74,92
office-hours,2021-05,15.65,43
office-hours,2021-06,3.39,228
office-hours,2021-07,0.98,755
office-hours,2021-08,0.86,868
office-hours,2021-09,0.34,2098
office-hours,2021-10,0.46,1630
office-hours,2021-11,0.88,815
office-hours,2021-12,4.83,158
office-hours,2022-01,37.82,12
office-hours,2022-02,947.95,1
office-hours,2022-03,61.54,10
office-hours,2022-04,1536.7,1
office-hours,2022-05,0.07,1
office-hours,2022-06,42.61,17
office-hours,2022-07,932.87,1
office-hours,2022-08,3.09,3
office-hours,2024-03,28131.24,1
office-hours,2025-10,4.4,3
office-hours,2025-11,691.66,1
office-hours,2026-01,3195.52,1
office-hours,2026-04,0.03,2
other-games,2021-01,20.49,25
other-games,2021-02,9.77,79
other-games,2021-03,3.46,207
other-games,2021-04,4.02,179
other-games,2021-05,1.97,378
other-games,2021-06,4.83,149
other-games,2021-07,3.26,238
other-games,2021-08,9.03,74
other-games,2021-09,11.58,66
other-games,2021-10,11.04,62
other-games,2021-11,50.24,15
other-games,2021-12,11.51,66
other-games,2022-01,11.96,63
other-games,2022-02,7.02,98
other-games,2022-03,6.96,105
other-games,2022-04,15.67,43
other-games,2022-05,15.81,51
other-games,2022-06,93.41,6
other-games,2022-07,345.2,2
other-games,2022-08,133.65,7
other-games,2022-09,741.69,1
other-games,2022-10,24.17,29
other-games,2022-11,52.4,14
other-games,2022-12,17.1,45
other-games,2023-01,14.6,50
other-games,2023-02,14.27,47
other-games,2023-03,5.13,141
other-games,2023-04,30.67,24
other-games,2023-05,5.78,134
other-games,2023-06,17.08,45
other-games,2023-07,14.62,48
other-games,2023-08,7.66,93
other-games,2023-09,11.67,55
other-games,2023-10,13.24,62
other-games,2023-11,9.39,64
other-games,2023-12,10.67,83
other-games,2024-01,1.02,709
other-games,2024-02,1.94,360
other-games,2024-03,2.23,333
other-games,2024-04,11.37,63
other-games,2024-05,4.28,176
other-games,2024-06,5.48,126
other-games,2024-07,3.2,241
other-games,2024-08,4.56,169
other-games,2024-09,3.59,201
other-games,2024-10,6.19,112
other-games,2024-11,10.71,69
other-games,2024-12,5.5,136
other-games,2025-01,15.76,49
other-games,2025-02,11.94,54
other-games,2025-03,7.35,101
other-games,2025-04,5.48,132
other-games,2025-05,12.15,61
other-games,2025-06,5.14,113
other-games,2025-07,11.98,73
other-games,2025-08,12.37,64
other-games,2025-09,3.1,220
other-games,2025-10,2.73,271
other-games,2025-11,7.03,93
other-games,2025-12,3.51,230
other-games,2026-01,9.7,74
other-games,2026-02,12.31,57
other-games,2026-03,4.76,157
other-games,2026-04,9.19,80
other-games,2026-05,5.4,135
other-games,2026-06,5.43,125
other-games,2026-07,6.04,70
our-hobbies,2022-08,12.03,46
our-hobbies,2022-09,3.92,205
our-hobbies,2022-10,35.99,23
our-hobbies,2022-11,99.74,8
our-hobbies,2022-12,9.57,70
our-hobbies,2023-01,6.99,89
our-hobbies,2023-02,25.06,26
our-hobbies,2023-03,32.09,26
our-hobbies,2023-04,36.94,21
our-hobbies,2023-05,17.48,48
our-hobbies,2023-06,8.95,67
our-hobbies,2023-07,14.37,55
our-hobbies,2023-08,23.19,29
our-hobbies,2023-09,29.72,26
our-hobbies,2023-10,78.22,12
our-hobbies,2023-11,216.79,3
our-hobbies,2023-12,37.62,17
our-hobbies,2024-01,10.39,69
our-hobbies,2024-02,14.96,46
our-hobbies,2024-03,9.68,78
our-hobbies,2024-04,31.99,21
our-hobbies,2024-05,23.35,32
our-hobbies,2024-06,14.23,52
our-hobbies,2024-07,56.68,14
our-hobbies,2024-08,37.88,20
our-hobbies,2024-09,32.8,20
our-hobbies,2024-10,25.64,30
our-hobbies,2024-11,51.85,6
our-hobbies,2024-12,33.69,30
our-hobbies,2025-01,1639.48,1
our-hobbies,2025-03,2.85,233
our-hobbies,2025-04,9.19,80
our-hobbies,2025-05,41.18,18
our-hobbies,2025-06,48.89,14
our-hobbies,2025-07,24.03,35
our-hobbies,2025-08,14.01,44
our-hobbies,2025-09,27.67,32
our-hobbies,2025-10,9.33,68
our-hobbies,2025-11,4.27,173
our-hobbies,2025-12,8.11,96
our-hobbies,2026-01,8.3,77
our-hobbies,2026-02,55.05,13
our-hobbies,2026-03,12.75,60
our-hobbies,2026-04,4.59,153
our-hobbies,2026-05,54.12,15
our-hobbies,2026-06,13.4,49
our-hobbies,2026-07,9.27,31
pking,2021-01,30.74,11
pking,2021-02,41.5,16
pking,2021-03,4.6,163
pking,2021-04,2.15,343
pking,2021-05,16.24,36
pking,2021-06,92.8,10
pking,2021-07,7.6,90
pking,2021-08,3.53,199
pking,2021-09,2.8,269
pking,2021-10,3.99,186
pking,2021-11,2.43,302
pking,2021-12,1.9,383
pking,2022-01,2.08,367
pking,2022-02,7.0,88
pking,2022-03,17.3,29
pking,2022-04,174.38,4
pking,2022-05,1143.44,1
pking,2022-07,1310.2,1
pking,2022-08,1379.79,1
pking,2022-09,2.22,9
pking,2022-10,50.21,19
pking,2022-11,133.89,6
pking,2022-12,14.82,40
pking,2023-01,6.86,91
pking,2023-02,860.54,1
pking,2023-03,36.0,14
pking,2023-04,110.4,8
pking,2023-05,86.66,2
pking,2023-06,63.86,20
pking,2023-07,68.0,17
pking,2023-08,0.29,5
pking,2023-09,233.21,4
pking,2023-10,95.5,7
pking,2023-11,208.49,3
pking,2023-12,120.15,7
pking,2024-01,1104.57,1
pking,2024-02,961.53,1
pking,2024-03,0.0,1
pking,2024-04,26.81,32
pking,2024-05,55.17,20
pking,2024-06,2.23,241
pking,2024-07,13.79,55
pking,2024-08,27.08,32
pking,2024-09,26.96,7
pking,2024-10,1371.87,1
pking,2024-11,0.07,1
pking,2024-12,1513.63,1
pking,2025-01,10.54,2
pking,2025-03,2576.23,1
pking,2025-05,28.29,5
pking-multi,2023-04,0.03,2
pking-multi,2023-07,4689.04,1
pking-multi,2023-10,0.0,2
pking-multi,2024-03,6929.97,1
pking-multi,2024-08,5.41,37
pking-multi,2024-09,1027.96,1
pokemon-go-to-the-polls,2024-08,0.47,67
pokemon-go-to-the-polls,2024-09,4.16,178
pokemon-go-to-the-polls,2024-10,9.33,77
pokemon-go-to-the-polls,2024-11,0.68,407
qpw-repository,2021-07,4.43,13
qpw-repository,2021-08,52.85,18
qpw-repository,2021-09,21.05,40
qpw-repository,2021-10,24.98,23
qpw-repository,2021-11,86.55,8
qpw-repository,2021-12,72.0,12
qpw-repository,2022-01,463.7,1
qpw-repository,2022-02,266.06,3
qpw-repository,2022-03,164.96,5
qpw-repository,2022-04,750.16,1
qpw-repository,2022-05,264.11,4
qpw-repository,2022-06,123.62,6
qpw-repository,2022-07,85.14,7
qpw-repository,2022-08,1094.55,1
qpw-repository,2022-09,5.21,1
qpw-repository,2022-12,3547.87,1
qpw-repository,2023-02,16.21,13
qpw-repository,2023-03,34.68,29
qpw-repository,2023-04,47.89,10
qpw-repository,2023-05,712.67,1
qpw-repository,2023-06,953.84,1
qpw-repository,2023-07,12.67,4
qpw-repository,2023-08,1961.75,1
qpw-repository,2023-09,34.08,2
qpw-repository,2023-10,103.91,6
qpw-repository,2023-11,740.83,1
qpw-repository,2023-12,102.41,7
qpw-repository,2024-01,91.31,8
qpw-repository,2024-02,280.22,2
qpw-repository,2024-03,547.7,2
qpw-repository,2024-04,96.42,2
qpw-repository,2024-05,1193.99,1
qpw-repository,2024-07,1486.71,1
qpw-repository,2024-09,2301.53,1
qpw-repository,2024-11,677.31,1
qpw-repository,2024-12,23.23,1
qpw-repository,2025-01,2448.43,1
qpw-repository,2025-03,3.52,1
qpw-repository,2025-05,2590.94,1
qpw-repository,2025-08,2034.87,1
qpw-repository,2025-09,6.79,1
qpw-repository,2025-11,2924.88,1
qpw-repository,2026-01,3.3,8
qpw-repository,2026-03,1606.37,1
qpw-repository,2026-04,587.29,1
raids-records,2020-12,0.61,1
raids-records,2021-01,1315.94,1
raids-records,2021-02,168.88,4
raids-records,2021-03,18.86,32
raids-records,2021-04,4.39,157
raids-records,2021-05,8.75,85
raids-records,2021-06,16.21,41
raids-records,2021-07,316.52,3
raids-records,2021-08,16.19,32
raids-records,2021-09,267.94,3
raids-records,2021-10,74.52,8
raids-records,2021-11,130.05,6
raids-records,2022-03,4608.95,1
raids-records,2022-06,15.54,5
raids-records,2024-01,28374.8,1
raids-records,2025-09,7.92,3
seasonal-modes,2020-10,5.34,109
seasonal-modes,2020-11,1.54,470
seasonal-modes,2020-12,3.61,203
seasonal-modes,2021-01,3.17,53
seasonal-modes,2021-03,3824.73,1
seasonal-modes,2021-06,0.06,1
seasonal-modes,2021-07,1283.51,1
seasonal-modes,2021-08,2.54,218
seasonal-modes,2021-09,26.92,27
seasonal-modes,2021-10,7.82,64
seasonal-modes,2021-11,1564.8,1
seasonal-modes,2021-12,7.38,3
seasonal-modes,2022-01,5.2,166
seasonal-modes,2022-02,2.03,325
seasonal-modes,2022-03,3.73,106
seasonal-modes,2022-04,305.08,3
seasonal-modes,2022-12,11682.78,1
seasonal-modes,2023-08,0.69,144
seasonal-modes,2023-09,121.43,10
seasonal-modes,2023-10,3.28,106
seasonal-modes,2023-11,0.41,1756
seasonal-modes,2023-12,2.17,340
seasonal-modes,2024-01,4.91,63
seasonal-modes,2024-03,3663.16,1
seasonal-modes,2024-06,3.1,101
seasonal-modes,2024-07,15.99,46
seasonal-modes,2024-08,42.24,5
seasonal-modes,2024-09,1564.2,1
seasonal-modes,2024-10,10.61,43
seasonal-modes,2024-11,0.6,1315
seasonal-modes,2024-12,3.89,190
seasonal-modes,2025-01,15.72,33
seasonal-modes,2025-05,6066.49,1
seasonal-modes,2025-10,1.52,465
seasonal-modes,2025-11,33.29,8
seasonal-modes,2025-12,1913.45,1
seasonal-modes,2026-01,2.59,15
seasonal-modes,2026-02,2.43,264
seasonal-modes,2026-03,4.23,183
seasonal-modes,2026-04,0.37,1936
seasonal-modes,2026-05,6.24,136
seasonal-modes,2026-06,21.94,7
skill-of-the-week,2022-06,2.43,3
skill-of-the-week,2022-10,6359.11,1
skill-of-the-week,2023-03,68.4,6
skill-of-the-week,2024-02,16386.91,1
skill-of-the-week,2025-01,1.17,1
spec-comparisons,2021-09,0.5,159
sports-isolation-zone,2022-02,5.31,91
sports-isolation-zone,2022-03,21.47,37
sports-isolation-zone,2022-04,20.48,36
sports-isolation-zone,2022-05,2.45,292
sports-isolation-zone,2022-06,35.31,21
sports-isolation-zone,2022-07,17.89,35
sports-isolation-zone,2022-08,9.12,88
sports-isolation-zone,2022-09,9.38,81
sports-isolation-zone,2022-10,6.0,117
sports-isolation-zone,2022-11,4.14,184
sports-isolation-zone,2022-12,8.81,82
sports-isolation-zone,2023-01,5.82,128
sports-isolation-zone,2023-02,4.58,148
sports-isolation-zone,2023-03,5.23,151
sports-isolation-zone,2023-04,3.95,171
sports-isolation-zone,2023-05,4.55,168
sports-isolation-zone,2023-06,21.58,32
sports-isolation-zone,2023-07,11.44,66
sports-isolation-zone,2023-08,7.99,93
sports-isolation-zone,2023-09,7.99,90
sports-isolation-zone,2023-10,9.12,74
sports-isolation-zone,2023-11,9.34,81
sports-isolation-zone,2023-12,13.76,55
sports-isolation-zone,2024-01,7.64,100
sports-isolation-zone,2024-02,13.41,52
sports-isolation-zone,2024-03,30.86,28
sports-isolation-zone,2024-04,13.76,42
sports-isolation-zone,2024-05,18.17,41
sports-isolation-zone,2024-06,11.5,64
sports-isolation-zone,2024-07,15.03,50
sports-isolation-zone,2024-08,11.66,66
sports-isolation-zone,2024-09,10.86,61
sports-isolation-zone,2024-10,12.31,63
sports-isolation-zone,2024-11,10.22,70
sports-isolation-zone,2024-12,11.47,67
sports-isolation-zone,2025-01,11.24,67
sports-isolation-zone,2025-02,6.9,97
sports-isolation-zone,2025-03,16.75,44
sports-isolation-zone,2025-04,15.53,45
sports-isolation-zone,2025-05,17.29,40
sports-isolation-zone,2025-06,8.16,91
sports-isolation-zone,2025-07,54.82,14
sports-isolation-zone,2025-08,12.71,59
sports-isolation-zone,2025-09,5.0,140
sports-isolation-zone,2025-10,7.51,100
sports-isolation-zone,2025-11,5.24,139
sports-isolation-zone,2025-12,7.63,102
sports-isolation-zone,2026-01,10.99,68
sports-isolation-zone,2026-02,7.44,91
sports-isolation-zone,2026-03,4.45,156
sports-isolation-zone,2026-04,5.55,132
sports-isolation-zone,2026-05,5.72,129
sports-isolation-zone,2026-06,1.66,438
sports-isolation-zone,2026-07,0.3,1254
suggestions,2020-10,10.23,61
suggestions,2020-11,806.65,1
suggestions,2020-12,8.0,78
suggestions,2021-01,25.98,31
suggestions,2021-02,7.89,74
suggestions,2021-03,16.94,49
suggestions,2021-04,13.87,55
suggestions,2021-05,13.26,60
suggestions,2021-06,7.76,90
suggestions,2021-07,11.76,63
suggestions,2021-08,5.72,160
suggestions,2021-09,5.7,72
suggestions,2021-10,3.83,202
suggestions,2021-11,14.53,47
suggestions,2021-12,4.78,148
suggestions,2022-01,14.11,53
suggestions,2022-02,18.34,24
suggestions,2022-03,12.22,64
suggestions,2022-04,1108.38,1
suggestions,2022-05,19.68,32
suggestions,2022-06,934.41,1
suggestions,2022-07,9.98,27
suggestions,2022-08,1044.16,1
suggestions,2022-09,472.57,2
suggestions,2022-10,61.47,7
suggestions,2022-11,46.69,14
suggestions,2022-12,62.63,11
suggestions,2023-01,45.5,19
suggestions,2023-02,29.72,26
suggestions,2023-03,17.52,27
suggestions,2023-04,19.83,49
suggestions,2023-05,36.95,16
suggestions,2023-06,677.74,1
suggestions,2023-07,71.29,11
suggestions,2023-08,60.11,13
suggestions,2023-09,1103.55,1
suggestions,2023-10,56.89,4
suggestions,2023-11,269.74,4
suggestions,2023-12,417.86,2
suggestions,2024-01,3.07,67
suggestions,2024-02,363.02,2
suggestions,2024-03,1332.48,1
suggestions,2024-04,20.77,20
suggestions,2024-05,98.02,8
suggestions,2024-06,737.23,1
suggestions,2024-07,80.13,10
suggestions,2024-08,1.16,6
suggestions,2024-09,1311.75,1
suggestions,2024-10,46.66,17
suggestions,2024-11,90.38,7
suggestions,2024-12,193.99,4
suggestions,2025-01,13.02,61
suggestions,2025-02,4.05,160
suggestions,2025-04,1548.42,1
suggestions,2025-05,2.69,301
suggestions,2025-06,8.49,31
suggestions,2025-07,228.53,3
suggestions,2025-08,75.75,15
suggestions,2025-09,21.77,35
suggestions,2025-10,8.27,81
suggestions,2025-11,9.86,75
suggestions,2025-12,3.52,214
suggestions,2026-01,12.6,63
suggestions,2026-02,4.08,154
suggestions,2026-03,1.97,393
suggestions,2026-04,6.74,101
suggestions,2026-05,19.46,41
suggestions,2026-06,4.5,145
suggestions,2026-07,2.89,140
summeringo,2023-07,2.8,59
summeringo-proof,2023-07,0.54,452
text-for-vc,2021-10,1.01,526
text-for-vc,2021-11,0.41,1766
text-for-vc,2021-12,0.35,2125
text-for-vc,2022-01,0.64,1166
text-for-vc,2022-02,1.37,490
text-for-vc,2022-03,2.06,383
text-for-vc,2022-04,15.96,39
text-for-vc,2022-05,12.45,60
text-for-vc,2022-06,6.95,110
text-for-vc,2022-07,20.89,36
text-for-vc,2022-08,10.04,74
text-for-vc,2022-09,6.41,111
text-for-vc,2022-10,2.78,270
text-for-vc,2022-11,2.48,291
text-for-vc,2022-12,8.56,88
text-for-vc,2023-01,11.52,66
text-for-vc,2023-02,5.8,104
text-for-vc,2023-03,9.13,86
text-for-vc,2023-04,9.9,73
text-for-vc,2023-05,6.24,113
text-for-vc,2023-06,8.1,96
text-for-vc,2023-07,36.53,23
text-for-vc,2023-08,19.77,34
text-for-vc,2023-09,12.48,54
text-for-vc,2023-10,1.5,502
text-for-vc,2023-11,2.4,297
text-for-vc,2023-12,1.28,578
text-for-vc,2024-01,1.16,645
text-for-vc,2024-02,1.81,384
text-for-vc,2024-03,1.32,565
text-for-vc,2024-04,0.97,744
text-for-vc,2024-05,1.98,375
text-for-vc,2024-06,1.28,561
text-for-vc,2024-07,2.12,351
text-for-vc,2024-08,1.76,419
text-for-vc,2024-09,2.79,262
text-for-vc,2024-10,2.03,364
text-for-vc,2024-11,2.23,322
text-for-vc,2024-12,3.26,230
text-for-vc,2025-01,2.68,278
text-for-vc,2025-02,1.44,461
text-for-vc,2025-03,2.54,291
text-for-vc,2025-04,3.04,240
text-for-vc,2025-05,4.3,171
text-for-vc,2025-06,3.35,216
text-for-vc,2025-07,4.43,169
text-for-vc,2025-08,4.53,164
text-for-vc,2025-09,1.15,623
text-for-vc,2025-10,2.21,340
text-for-vc,2025-11,3.58,199
text-for-vc,2025-12,2.83,266
text-for-vc,2026-01,3.69,198
text-for-vc,2026-02,3.81,176
text-for-vc,2026-03,2.44,309
text-for-vc,2026-04,5.06,142
text-for-vc,2026-05,5.66,132
text-for-vc,2026-06,3.52,204
text-for-vc,2026-07,8.18,44
town-hall,2020-11,15.78,23
town-hall,2020-12,5.41,178
town-hall,2021-01,6.63,80
town-hall,2021-02,3.74,178
town-hall,2021-03,5.59,104
town-hall,2021-04,39.39,22
town-hall,2021-05,2.47,301
town-hall,2021-06,17.57,41
town-hall,2021-07,111.28,3
town-hall,2021-08,95.4,11
town-hall,2021-09,35.95,28
town-hall,2021-10,4.24,119
town-hall,2021-11,16.47,44
town-hall,2021-12,4.0,186
town-hall,2022-01,2.55,319
town-hall,2022-02,29.7,31
town-hall,2022-03,3.07,85
town-hall,2022-04,32.94,29
town-hall,2022-05,17.38,31
town-hall,2022-06,7.63,116
town-hall,2022-07,838.3,1
town-hall,2022-08,4.25,21
town-hall,2022-09,86.73,15
town-hall,2022-10,7.66,89
town-hall,2022-11,2.51,312
town-hall,2022-12,5.24,142
town-hall,2023-01,58.92,13
town-hall,2023-02,68.44,14
town-hall,2023-03,2.24,188
town-hall,2023-04,4.39,144
town-hall,2023-05,28.29,29
town-hall,2023-06,5.12,146
town-hall,2023-07,6.99,107
town-hall,2023-08,114.05,8
town-hall,2023-09,0.9,642
town-hall,2023-10,55.29,13
town-hall,2023-11,31.24,29
town-hall,2023-12,24.06,31
town-hall,2024-01,5.71,75
town-hall,2024-02,364.12,2
town-hall,2024-03,133.69,5
town-hall,2024-04,847.23,1
town-hall,2024-05,51.78,15
town-hall,2024-06,10.16,67
town-hall,2024-07,125.47,6
town-hall,2024-08,864.22,1
town-hall,2024-09,38.7,19
town-hall,2024-10,12.54,16
town-hall,2024-11,217.15,6
town-hall,2024-12,232.65,3
town-hall,2025-01,120.64,6
town-hall,2025-02,5.62,103
town-hall,2025-03,1.75,444
town-hall,2025-04,2.28,354
town-hall,2025-05,248.45,4
town-hall,2025-06,2.92,135
town-hall,2025-07,16.88,58
town-hall,2025-08,15.8,12
town-hall,2025-09,1161.03,1
town-hall,2025-10,55.26,12
town-hall,2025-11,661.32,1
town-hall,2025-12,11.08,48
town-hall,2026-01,216.3,5
town-hall,2026-02,257.67,2
town-hall,2026-03,10.47,74
town-hall,2026-04,13.06,66
town-hall,2026-05,754.67,1
town-hall,2026-06,855.91,1
town-hall,2026-07,1.29,8
trade-chat,2024-12,8.35,27
trade-chat,2025-01,68.99,10
trade-chat,2025-02,106.17,3
trade-chat,2025-03,486.12,2
trade-chat,2025-04,1131.87,1
trade-chat,2025-05,152.69,3
usernames,2021-01,3.02,58
usernames,2021-02,5.0,134
usernames,2021-03,5.34,140
usernames,2021-04,4.39,168
usernames,2021-05,8.04,90
usernames,2021-06,7.29,102
usernames,2021-07,5.69,127
usernames,2021-08,5.71,130
usernames,2021-09,3.05,237
usernames,2021-10,2.41,308
usernames,2021-11,2.59,278
usernames,2021-12,3.93,189
usernames,2022-01,6.39,123
usernames,2022-02,12.78,52
usernames,2022-03,11.32,63
usernames,2022-04,14.69,49
usernames,2022-05,12.36,62
usernames,2022-06,10.11,71
usernames,2022-07,13.67,53
usernames,2022-08,10.92,66
usernames,2022-09,10.6,70
usernames,2022-10,10.21,74
usernames,2022-11,11.61,59
usernames,2022-12,13.36,57
usernames,2023-01,5.97,125
usernames,2023-02,6.28,106
usernames,2023-03,4.09,184
usernames,2023-04,8.48,85
usernames,2023-05,17.32,44
usernames,2023-06,17.47,40
usernames,2023-07,15.87,47
usernames,2023-08,15.7,46
usernames,2023-09,15.37,48
usernames,2023-10,16.67,45
usernames,2023-11,11.42,65
usernames,2023-12,13.98,50
usernames,2024-01,24.07,32
usernames,2024-02,11.78,59
usernames,2024-03,17.11,43
usernames,2024-04,32.72,23
usernames,2024-05,88.84,8
usernames,2024-06,13.87,51
usernames,2024-07,22.91,32
usernames,2024-08,42.72,18
usernames,2024-09,43.67,16
usernames,2024-10,43.55,19
usernames,2024-11,34.98,20
usernames,2024-12,15.07,47
usernames,2025-01,16.54,45
usernames,2025-02,22.05,30
usernames,2025-03,24.2,31
usernames,2025-04,18.26,39
usernames,2025-05,20.61,37
usernames,2025-06,14.42,50
usernames,2025-07,12.52,60
usernames,2025-08,17.01,44
usernames,2025-09,17.58,38
usernames,2025-10,11.2,69
usernames,2025-11,10.1,74
usernames,2025-12,12.32,57
usernames,2026-01,11.01,69
usernames,2026-02,11.78,57
usernames,2026-03,8.99,83
usernames,2026-04,14.92,48
usernames,2026-05,21.39,33
usernames,2026-06,42.25,18
usernames,2026-07,11.78,31
vc_greatest_hits,2021-07,10.3,71
vc_greatest_hits,2021-08,74.44,10
vc_greatest_hits,2021-09,39.62,18
vc_greatest_hits,2021-10,32.8,19
vc_greatest_hits,2021-11,43.1,17
vc_greatest_hits,2021-12,69.5,11
vc_greatest_hits,2022-01,19.26,41
vc_greatest_hits,2022-02,102.9,7
vc_greatest_hits,2022-03,245.98,4
vc_greatest_hits,2022-04,10.5,1
vc_greatest_hits,2022-05,1279.45,1
vc_greatest_hits,2022-06,91.55,5
vc_greatest_hits,2022-07,434.72,2
vc_greatest_hits,2022-09,1853.49,1
vc_greatest_hits,2022-10,310.66,1
vc_greatest_hits,2023-01,3723.74,1
vc_greatest_hits,2023-04,451.37,3
vc_greatest_hits,2023-06,673.19,1
vc_greatest_hits,2023-07,120.51,4
vc_greatest_hits,2023-09,2373.6,1
vc_greatest_hits,2023-10,23.82,1
vc_greatest_hits,2024-12,20554.91,1
vc_greatest_hits,2026-02,5.45,8
vc_greatest_hits,2026-03,231.31,3
vc_greatest_hits,2026-04,287.09,2
vc_greatest_hits,2026-05,1895.08,1
welcome,2022-01,0.0,4
